ResponseId,TrainingType,ConceptType,Sequence,Condition,V1,V2,V3,V4,V5,V6,V7,V8,V9,V10,V11,V12,V13,V14,V15,V16,q01,q02,q03,q04,q05,q06,q07,q08,q09,q10,q11,q12,q13,q14,q15,q16,memory_id
R_3pyDfCcyZTbcfmx,Study-Practice,Skills,WES8,WE_S,tria_s_we_1,tria_s_t_1,tria_s_we_2,tria_s_t_3,rect_s_we_1,rect_s_t_1,rect_s_we_2,rect_s_t_3,trap_s_we_1,trap_s_t_1,trap_s_we_2,trap_s_t_3,circ_s_we_1,circ_s_t_1,circ_s_we_2,circ_s_t_3,prepost2_2,prepost2_7,prepost2_11,prepost2_10,prepost2_6,prepost2_3,prepost2_9,prepost2_17,prepost2_13,prepost2_16,prepost2_5,prepost2_15,prepost2_8,prepost2_14,prepost2_12,prepost2_4,289
R_8wWKQdJsqCyCbex,Practice-Only,Facts,RPF1,RP_F,tria_f_we_1,tria_f_t_1,tria_f_t_2,tria_f_t_3,trap_f_we_1,trap_f_t_1,trap_f_t_2,trap_f_t_3,circ_f_we_1,circ_f_t_1,circ_f_t_2,circ_f_t_3,rect_f_we_3,rect_f_t_1,rect_f_t_2,rect_f_t_3,prepost2_2,prepost2_13,prepost2_9,prepost2_5,prepost2_15,prepost2_14,prepost2_11,prepost2_16,prepost2_12,prepost2_8,prepost2_17,prepost2_3,prepost2_7,prepost2_6,prepost2_10,prepost2_4,290
R_RRBYeORAnyff3up,Study-Practice,Facts,WEF5,WE_F,circ_f_we_1,circ_f_t_1,circ_f_we_2,circ_f_t_3,trap_f_we_1,trap_f_t_1,trap_f_we_2,trap_f_t_3,rect_f_we_3,rect_f_t_1,rect_f_we_1,rect_f_t_3,tria_f_we_1,tria_f_t_1,tria_f_we_2,tria_f_t_3,prepost2_17,prepost2_14,prepost2_7,prepost2_15,prepost2_16,prepost2_3,prepost2_12,prepost2_10,prepost2_2,prepost2_9,prepost2_13,prepost2_6,prepost2_11,prepost2_8,prepost2_5,prepost2_4,291
R_sgK2mQIRTkNu0Df,Study-Practice,Facts,WEF8,WE_F,tria_f_we_1,tria_f_t_1,tria_f_we_2,tria_f_t_3,rect_f_we_3,rect_f_t_1,rect_f_we_1,rect_f_t_3,trap_f_we_1,trap_f_t_1,trap_f_we_2,trap_f_t_3,circ_f_we_1,circ_f_t_1,circ_f_we_2,circ_f_t_3,prepost2_11,prepost2_6,prepost2_13,prepost2_12,prepost2_10,prepost2_5,prepost2_16,prepost2_3,prepost2_8,prepost2_9,prepost2_14,prepost2_15,prepost2_2,prepost2_17,prepost2_7,prepost2_4,292
R_2ZOKOHFKTYV6Sg4,Study-Practice,Skills,WES1,WE_S,tria_s_we_1,tria_s_t_1,tria_s_we_2,tria_s_t_3,trap_s_we_1,trap_s_t_1,trap_s_we_2,trap_s_t_3,circ_s_we_1,circ_s_t_1,circ_s_we_2,circ_s_t_3,rect_s_we_1,rect_s_t_1,rect_s_we_2,rect_s_t_3,prepost2_3,prepost2_9,prepost2_7,prepost2_13,prepost2_10,prepost2_14,prepost2_11,prepost2_17,prepost2_5,prepost2_8,prepost2_2,prepost2_15,prepost2_6,prepost2_16,prepost2_12,prepost2_4,293
R_2rvE6pLKobvIsPf,Study-Practice,Skills,WES1,WE_S,tria_s_we_1,tria_s_t_1,tria_s_we_2,tria_s_t_3,trap_s_we_1,trap_s_t_1,trap_s_we_2,trap_s_t_3,circ_s_we_1,circ_s_t_1,circ_s_we_2,circ_s_t_3,rect_s_we_1,rect_s_t_1,rect_s_we_2,rect_s_t_3,prepost2_14,prepost2_12,prepost2_15,prepost2_13,prepost2_6,prepost2_5,prepost2_10,prepost2_17,prepost2_9,prepost2_2,prepost2_16,prepost2_8,prepost2_11,prepost2_7,prepost2_3,prepost2_4,294
R_3nIt1NS7p1uzM0b,Study-Practice,Facts,WEF6,WE_F,trap_f_we_1,trap_f_t_1,trap_f_we_2,trap_f_t_3,rect_f_we_3,rect_f_t_1,rect_f_we_1,rect_f_t_3,tria_f_we_1,tria_f_t_1,tria_f_we_2,tria_f_t_3,circ_f_we_1,circ_f_t_1,circ_f_we_2,circ_f_t_3,prepost2_7,prepost2_3,prepost2_5,prepost2_10,prepost2_16,prepost2_12,prepost2_8,prepost2_17,prepost2_2,prepost2_11,prepost2_14,prepost2_9,prepost2_6,prepost2_15,prepost2_13,prepost2_4,295
R_2ttxrg7IqcIK3X8,Practice-Only,Facts,RPF5,RP_F,circ_f_we_1,circ_f_t_1,circ_f_t_2,circ_f_t_3,trap_f_we_1,trap_f_t_1,trap_f_t_2,trap_f_t_3,rect_f_we_3,rect_f_t_1,rect_f_t_2,rect_f_t_3,tria_f_we_1,tria_f_t_1,tria_f_t_2,tria_f_t_3,prepost2_16,prepost2_6,prepost2_7,prepost2_2,prepost2_9,prepost2_10,prepost2_8,prepost2_12,prepost2_13,prepost2_17,prepost2_15,prepost2_5,prepost2_14,prepost2_11,prepost2_3,prepost2_4,296
R_1FDKU0cHLztpg42,Practice-Only,Skills,RPS2,RP_S,rect_s_we_1,rect_s_t_1,rect_s_t_2,rect_s_t_3,tria_s_we_1,tria_s_t_1,tria_s_t_2,tria_s_t_3,circ_s_we_1,circ_s_t_1,circ_s_t_2,circ_s_t_3,trap_s_we_1,trap_s_t_1,trap_s_t_2,trap_s_t_3,prepost2_16,prepost2_8,prepost2_11,prepost2_12,prepost2_5,prepost2_13,prepost2_7,prepost2_14,prepost2_10,prepost2_6,prepost2_17,prepost2_2,prepost2_3,prepost2_15,prepost2_9,prepost2_4,297
R_supujE6FMmN9kDn,Study-Practice,Facts,WEF4,WE_F,rect_f_we_3,rect_f_t_1,rect_f_we_1,rect_f_t_3,circ_f_we_1,circ_f_t_1,circ_f_we_2,circ_f_t_3,trap_f_we_1,trap_f_t_1,trap_f_we_2,trap_f_t_3,tria_f_we_1,tria_f_t_1,tria_f_we_2,tria_f_t_3,prepost2_3,prepost2_17,prepost2_13,prepost2_2,prepost2_12,prepost2_15,prepost2_11,prepost2_6,prepost2_16,prepost2_5,prepost2_8,prepost2_14,prepost2_10,prepost2_9,prepost2_7,prepost2_4,298
R_2SuiLgNVscbrLCN,Practice-Only,Facts,RPF2,RP_F,rect_f_we_3,rect_f_t_1,rect_f_t_2,rect_f_t_3,tria_f_we_1,tria_f_t_1,tria_f_t_2,tria_f_t_3,circ_f_we_1,circ_f_t_1,circ_f_t_2,circ_f_t_3,trap_f_we_1,trap_f_t_1,trap_f_t_2,trap_f_t_3,prepost2_9,prepost2_5,prepost2_17,prepost2_10,prepost2_2,prepost2_13,prepost2_7,prepost2_16,prepost2_11,prepost2_3,prepost2_15,prepost2_14,prepost2_12,prepost2_8,prepost2_6,prepost2_4,299
R_2V1sMxwMo4pmV5I,Study-Practice,Facts,WEF6,WE_F,trap_f_we_1,trap_f_t_1,trap_f_we_2,trap_f_t_3,rect_f_we_3,rect_f_t_1,rect_f_we_1,rect_f_t_3,tria_f_we_1,tria_f_t_1,tria_f_we_2,tria_f_t_3,circ_f_we_1,circ_f_t_1,circ_f_we_2,circ_f_t_3,prepost2_17,prepost2_5,prepost2_16,prepost2_11,prepost2_13,prepost2_2,prepost2_15,prepost2_3,prepost2_9,prepost2_8,prepost2_14,prepost2_12,prepost2_10,prepost2_6,prepost2_7,prepost2_4,300
R_2ruXXsWtzvAQ0mF,Practice-Only,Skills,RPS8,RP_S,tria_s_we_1,tria_s_t_1,tria_s_t_2,tria_s_t_3,rect_s_we_1,rect_s_t_1,rect_s_t_2,rect_s_t_3,trap_s_we_1,trap_s_t_1,trap_s_t_2,trap_s_t_3,circ_s_we_1,circ_s_t_1,circ_s_t_2,circ_s_t_3,prepost2_2,prepost2_16,prepost2_11,prepost2_14,prepost2_7,prepost2_6,prepost2_12,prepost2_15,prepost2_9,prepost2_17,prepost2_13,prepost2_8,prepost2_3,prepost2_10,prepost2_5,prepost2_4,301
R_1CJCBcb7Bru8eeQ,Study-Practice,Skills,WES2,WE_S,rect_s_we_1,rect_s_t_1,rect_s_we_2,rect_s_t_3,tria_s_we_1,tria_s_t_1,tria_s_we_2,tria_s_t_3,circ_s_we_1,circ_s_t_1,circ_s_we_2,circ_s_t_3,trap_s_we_1,trap_s_t_1,trap_s_we_2,trap_s_t_3,prepost2_14,prepost2_8,prepost2_15,prepost2_5,prepost2_9,prepost2_10,prepost2_7,prepost2_6,prepost2_16,prepost2_17,prepost2_3,prepost2_13,prepost2_2,prepost2_11,prepost2_12,prepost2_4,302
R_wXe11EsIsA8bs1b,Practice-Only,Skills,RPS8,RP_S,tria_s_we_1,tria_s_t_1,tria_s_t_2,tria_s_t_3,rect_s_we_1,rect_s_t_1,rect_s_t_2,rect_s_t_3,trap_s_we_1,trap_s_t_1,trap_s_t_2,trap_s_t_3,circ_s_we_1,circ_s_t_1,circ_s_t_2,circ_s_t_3,prepost2_6,prepost2_16,prepost2_3,prepost2_15,prepost2_17,prepost2_9,prepost2_11,prepost2_8,prepost2_14,prepost2_5,prepost2_2,prepost2_13,prepost2_10,prepost2_12,prepost2_7,prepost2_4,303
R_1mUFyIMnyWE39CT,Study-Practice,Facts,WEF2,WE_F,rect_f_we_3,rect_f_t_1,rect_f_we_1,rect_f_t_3,tria_f_we_1,tria_f_t_1,tria_f_we_2,tria_f_t_3,circ_f_we_1,circ_f_t_1,circ_f_we_2,circ_f_t_3,trap_f_we_1,trap_f_t_1,trap_f_we_2,trap_f_t_3,prepost2_9,prepost2_5,prepost2_14,prepost2_7,prepost2_15,prepost2_3,prepost2_13,prepost2_11,prepost2_10,prepost2_6,prepost2_2,prepost2_8,prepost2_17,prepost2_12,prepost2_16,prepost2_4,304
R_3oGa88Y5lzsY7co,Study-Practice,Skills,WES2,WE_S,rect_s_we_1,rect_s_t_1,rect_s_we_2,rect_s_t_3,tria_s_we_1,tria_s_t_1,tria_s_we_2,tria_s_t_3,circ_s_we_1,circ_s_t_1,circ_s_we_2,circ_s_t_3,trap_s_we_1,trap_s_t_1,trap_s_we_2,trap_s_t_3,prepost2_3,prepost2_6,prepost2_11,prepost2_16,prepost2_15,prepost2_10,prepost2_5,prepost2_13,prepost2_9,prepost2_14,prepost2_17,prepost2_2,prepost2_7,prepost2_8,prepost2_12,prepost2_4,305
R_3JL9u2ODIzaRzii,Practice-Only,Facts,RPF5,RP_F,circ_f_we_1,circ_f_t_1,circ_f_t_2,circ_f_t_3,trap_f_we_1,trap_f_t_1,trap_f_t_2,trap_f_t_3,rect_f_we_3,rect_f_t_1,rect_f_t_2,rect_f_t_3,tria_f_we_1,tria_f_t_1,tria_f_t_2,tria_f_t_3,prepost2_2,prepost2_17,prepost2_12,prepost2_6,prepost2_16,prepost2_13,prepost2_15,prepost2_11,prepost2_10,prepost2_14,prepost2_5,prepost2_8,prepost2_9,prepost2_3,prepost2_7,prepost2_4,306
R_1jlh1agS07tnHF6,Practice-Only,Skills,RPS2,RP_S,rect_s_we_1,rect_s_t_1,rect_s_t_2,rect_s_t_3,tria_s_we_1,tria_s_t_1,tria_s_t_2,tria_s_t_3,circ_s_we_1,circ_s_t_1,circ_s_t_2,circ_s_t_3,trap_s_we_1,trap_s_t_1,trap_s_t_2,trap_s_t_3,prepost2_13,prepost2_10,prepost2_9,prepost2_12,prepost2_3,prepost2_16,prepost2_14,prepost2_8,prepost2_17,prepost2_7,prepost2_6,prepost2_2,prepost2_5,prepost2_11,prepost2_15,prepost2_4,307
R_Z1w2L7Tp80ZsO8V,Study-Practice,Skills,WES3,WE_S,trap_s_we_1,trap_s_t_1,trap_s_we_2,trap_s_t_3,circ_s_we_1,circ_s_t_1,circ_s_we_2,circ_s_t_3,tria_s_we_1,tria_s_t_1,tria_s_we_2,tria_s_t_3,rect_s_we_1,rect_s_t_1,rect_s_we_2,rect_s_t_3,prepost2_7,prepost2_9,prepost2_2,prepost2_3,prepost2_17,prepost2_12,prepost2_13,prepost2_5,prepost2_15,prepost2_16,prepost2_14,prepost2_6,prepost2_8,prepost2_10,prepost2_11,prepost2_4,308
R_2dGfLdCs9tmeKFl,Study-Practice,Skills,WES7,WE_S,circ_s_we_1,circ_s_t_1,circ_s_we_2,circ_s_t_3,tria_s_we_1,tria_s_t_1,tria_s_we_2,tria_s_t_3,rect_s_we_1,rect_s_t_1,rect_s_we_2,rect_s_t_3,trap_s_we_1,trap_s_t_1,trap_s_we_2,trap_s_t_3,prepost2_8,prepost2_17,prepost2_11,prepost2_5,prepost2_13,prepost2_6,prepost2_15,prepost2_7,prepost2_14,prepost2_9,prepost2_3,prepost2_16,prepost2_2,prepost2_10,prepost2_12,prepost2_4,309
R_3lzz2AtHAMOBJIB,Practice-Only,Facts,RPF1,RP_F,tria_f_we_1,tria_f_t_1,tria_f_t_2,tria_f_t_3,trap_f_we_1,trap_f_t_1,trap_f_t_2,trap_f_t_3,circ_f_we_1,circ_f_t_1,circ_f_t_2,circ_f_t_3,rect_f_we_3,rect_f_t_1,rect_f_t_2,rect_f_t_3,prepost2_15,prepost2_13,prepost2_12,prepost2_9,prepost2_14,prepost2_3,prepost2_6,prepost2_10,prepost2_5,prepost2_8,prepost2_17,prepost2_16,prepost2_11,prepost2_7,prepost2_2,prepost2_4,310
R_6u4Vl1USF3OEWQx,Practice-Only,Skills,RPS1,RP_S,tria_s_we_1,tria_s_t_1,tria_s_t_2,tria_s_t_3,trap_s_we_1,trap_s_t_1,trap_s_t_2,trap_s_t_3,circ_s_we_1,circ_s_t_1,circ_s_t_2,circ_s_t_3,rect_s_we_1,rect_s_t_1,rect_s_t_2,rect_s_t_3,prepost2_16,prepost2_13,prepost2_6,prepost2_2,prepost2_14,prepost2_9,prepost2_3,prepost2_15,prepost2_10,prepost2_5,prepost2_8,prepost2_7,prepost2_11,prepost2_17,prepost2_12,prepost2_4,311
R_10pFMx1Tl49Ya7T,Study-Practice,Skills,WES7,WE_S,circ_s_we_1,circ_s_t_1,circ_s_we_2,circ_s_t_3,tria_s_we_1,tria_s_t_1,tria_s_we_2,tria_s_t_3,rect_s_we_1,rect_s_t_1,rect_s_we_2,rect_s_t_3,trap_s_we_1,trap_s_t_1,trap_s_we_2,trap_s_t_3,prepost2_15,prepost2_8,prepost2_2,prepost2_7,prepost2_6,prepost2_3,prepost2_9,prepost2_11,prepost2_13,prepost2_10,prepost2_5,prepost2_14,prepost2_17,prepost2_12,prepost2_16,prepost2_4,312
R_25NPdLeQ20vtxVe,Study-Practice,Skills,WES7,WE_S,circ_s_we_1,circ_s_t_1,circ_s_we_2,circ_s_t_3,tria_s_we_1,tria_s_t_1,tria_s_we_2,tria_s_t_3,rect_s_we_1,rect_s_t_1,rect_s_we_2,rect_s_t_3,trap_s_we_1,trap_s_t_1,trap_s_we_2,trap_s_t_3,prepost2_15,prepost2_2,prepost2_12,prepost2_9,prepost2_16,prepost2_14,prepost2_7,prepost2_17,prepost2_8,prepost2_13,prepost2_10,prepost2_11,prepost2_3,prepost2_5,prepost2_6,prepost2_4,313
R_1Q4syaRQXtob7Me,Study-Practice,Facts,WEF6,WE_F,trap_f_we_1,trap_f_t_1,trap_f_we_2,trap_f_t_3,rect_f_we_3,rect_f_t_1,rect_f_we_1,rect_f_t_3,tria_f_we_1,tria_f_t_1,tria_f_we_2,tria_f_t_3,circ_f_we_1,circ_f_t_1,circ_f_we_2,circ_f_t_3,prepost2_13,prepost2_10,prepost2_5,prepost2_14,prepost2_15,prepost2_7,prepost2_16,prepost2_6,prepost2_11,prepost2_3,prepost2_8,prepost2_2,prepost2_17,prepost2_12,prepost2_9,prepost2_4,314
R_ALMqTdGWnhc32NP,Practice-Only,Skills,RPS5,RP_S,circ_s_we_1,circ_s_t_1,circ_s_t_2,circ_s_t_3,trap_s_we_1,trap_s_t_1,trap_s_t_2,trap_s_t_3,rect_s_we_1,rect_s_t_1,rect_s_t_2,rect_s_t_3,tria_s_we_1,tria_s_t_1,tria_s_t_2,tria_s_t_3,prepost2_13,prepost2_3,prepost2_15,prepost2_17,prepost2_8,prepost2_9,prepost2_2,prepost2_7,prepost2_6,prepost2_12,prepost2_11,prepost2_16,prepost2_5,prepost2_14,prepost2_10,prepost2_4,315
R_2VDOiineQSF7pbx,Practice-Only,Facts,RPF5,RP_F,circ_f_we_1,circ_f_t_1,circ_f_t_2,circ_f_t_3,trap_f_we_1,trap_f_t_1,trap_f_t_2,trap_f_t_3,rect_f_we_3,rect_f_t_1,rect_f_t_2,rect_f_t_3,tria_f_we_1,tria_f_t_1,tria_f_t_2,tria_f_t_3,prepost2_13,prepost2_8,prepost2_5,prepost2_17,prepost2_14,prepost2_7,prepost2_11,prepost2_16,prepost2_6,prepost2_15,prepost2_12,prepost2_10,prepost2_9,prepost2_2,prepost2_3,prepost2_4,316
R_DG2g3Dx6ucUFobv,Study-Practice,Facts,WEF7,WE_F,circ_f_we_1,circ_f_t_1,circ_f_we_2,circ_f_t_3,tria_f_we_1,tria_f_t_1,tria_f_we_2,tria_f_t_3,rect_f_we_3,rect_f_t_1,rect_f_we_1,rect_f_t_3,trap_f_we_1,trap_f_t_1,trap_f_we_2,trap_f_t_3,prepost2_14,prepost2_15,prepost2_6,prepost2_11,prepost2_3,prepost2_7,prepost2_17,prepost2_16,prepost2_2,prepost2_8,prepost2_5,prepost2_13,prepost2_10,prepost2_12,prepost2_9,prepost2_4,317
R_6LmT2YO57oPXBWF,Study-Practice,Facts,WEF2,WE_F,rect_f_we_3,rect_f_t_1,rect_f_we_1,rect_f_t_3,tria_f_we_1,tria_f_t_1,tria_f_we_2,tria_f_t_3,circ_f_we_1,circ_f_t_1,circ_f_we_2,circ_f_t_3,trap_f_we_1,trap_f_t_1,trap_f_we_2,trap_f_t_3,prepost2_16,prepost2_5,prepost2_15,prepost2_9,prepost2_14,prepost2_6,prepost2_17,prepost2_8,prepost2_7,prepost2_13,prepost2_11,prepost2_2,prepost2_12,prepost2_10,prepost2_3,prepost2_4,318
R_eVc8xsLbax0FHcR,Practice-Only,Facts,RPF4,RP_F,rect_f_we_3,rect_f_t_1,rect_f_t_2,rect_f_t_3,circ_f_we_1,circ_f_t_1,circ_f_t_2,circ_f_t_3,trap_f_we_1,trap_f_t_1,trap_f_t_2,trap_f_t_3,tria_f_we_1,tria_f_t_1,tria_f_t_2,tria_f_t_3,prepost2_3,prepost2_11,prepost2_15,prepost2_5,prepost2_17,prepost2_6,prepost2_16,prepost2_8,prepost2_9,prepost2_14,prepost2_13,prepost2_10,prepost2_7,prepost2_2,prepost2_12,prepost2_4,319
R_30irBCubnOK2CEY,Study-Practice,Skills,WES7,WE_S,circ_s_we_1,circ_s_t_1,circ_s_we_2,circ_s_t_3,tria_s_we_1,tria_s_t_1,tria_s_we_2,tria_s_t_3,rect_s_we_1,rect_s_t_1,rect_s_we_2,rect_s_t_3,trap_s_we_1,trap_s_t_1,trap_s_we_2,trap_s_t_3,prepost2_9,prepost2_16,prepost2_15,prepost2_17,prepost2_12,prepost2_7,prepost2_2,prepost2_5,prepost2_13,prepost2_6,prepost2_14,prepost2_8,prepost2_11,prepost2_10,prepost2_3,prepost2_4,320
R_1hRnxTACd1aN3Qt,Practice-Only,Facts,RPF1,RP_F,tria_f_we_1,tria_f_t_1,tria_f_t_2,tria_f_t_3,trap_f_we_1,trap_f_t_1,trap_f_t_2,trap_f_t_3,circ_f_we_1,circ_f_t_1,circ_f_t_2,circ_f_t_3,rect_f_we_3,rect_f_t_1,rect_f_t_2,rect_f_t_3,prepost2_5,prepost2_16,prepost2_13,prepost2_6,prepost2_8,prepost2_17,prepost2_15,prepost2_9,prepost2_12,prepost2_3,prepost2_2,prepost2_10,prepost2_11,prepost2_14,prepost2_7,prepost2_4,321
R_9zAsRqUVtr7KuLD,Practice-Only,Facts,RPF2,RP_F,rect_f_we_3,rect_f_t_1,rect_f_t_2,rect_f_t_3,tria_f_we_1,tria_f_t_1,tria_f_t_2,tria_f_t_3,circ_f_we_1,circ_f_t_1,circ_f_t_2,circ_f_t_3,trap_f_we_1,trap_f_t_1,trap_f_t_2,trap_f_t_3,prepost2_2,prepost2_11,prepost2_12,prepost2_3,prepost2_9,prepost2_14,prepost2_16,prepost2_10,prepost2_13,prepost2_17,prepost2_7,prepost2_15,prepost2_6,prepost2_8,prepost2_5,prepost2_4,322
R_2qruA14HBDvlKQl,Practice-Only,Skills,RPS8,RP_S,tria_s_we_1,tria_s_t_1,tria_s_t_2,tria_s_t_3,rect_s_we_1,rect_s_t_1,rect_s_t_2,rect_s_t_3,trap_s_we_1,trap_s_t_1,trap_s_t_2,trap_s_t_3,circ_s_we_1,circ_s_t_1,circ_s_t_2,circ_s_t_3,prepost2_6,prepost2_7,prepost2_10,prepost2_9,prepost2_12,prepost2_2,prepost2_11,prepost2_16,prepost2_5,prepost2_14,prepost2_13,prepost2_15,prepost2_3,prepost2_17,prepost2_8,prepost2_4,323
R_2zdXIIDqxfXuCVN,Study-Practice,Facts,WEF2,WE_F,rect_f_we_3,rect_f_t_1,rect_f_we_1,rect_f_t_3,tria_f_we_1,tria_f_t_1,tria_f_we_2,tria_f_t_3,circ_f_we_1,circ_f_t_1,circ_f_we_2,circ_f_t_3,trap_f_we_1,trap_f_t_1,trap_f_we_2,trap_f_t_3,prepost2_8,prepost2_11,prepost2_3,prepost2_5,prepost2_7,prepost2_14,prepost2_9,prepost2_6,prepost2_13,prepost2_15,prepost2_10,prepost2_17,prepost2_12,prepost2_16,prepost2_2,prepost2_4,324
R_ykC8I8DXIITWOkx,Study-Practice,Skills,WES5,WE_S,circ_s_we_1,circ_s_t_1,circ_s_we_2,circ_s_t_3,trap_s_we_1,trap_s_t_1,trap_s_we_2,trap_s_t_3,rect_s_we_1,rect_s_t_1,rect_s_we_2,rect_s_t_3,tria_s_we_1,tria_s_t_1,tria_s_we_2,tria_s_t_3,prepost2_6,prepost2_3,prepost2_2,prepost2_14,prepost2_13,prepost2_5,prepost2_12,prepost2_16,prepost2_11,prepost2_17,prepost2_10,prepost2_9,prepost2_8,prepost2_15,prepost2_7,prepost2_4,325
R_3Rkd4M3szxzveJZ,Practice-Only,Facts,RPF5,RP_F,circ_f_we_1,circ_f_t_1,circ_f_t_2,circ_f_t_3,trap_f_we_1,trap_f_t_1,trap_f_t_2,trap_f_t_3,rect_f_we_3,rect_f_t_1,rect_f_t_2,rect_f_t_3,tria_f_we_1,tria_f_t_1,tria_f_t_2,tria_f_t_3,prepost2_2,prepost2_14,prepost2_8,prepost2_11,prepost2_10,prepost2_16,prepost2_5,prepost2_7,prepost2_6,prepost2_9,prepost2_15,prepost2_3,prepost2_13,prepost2_17,prepost2_12,prepost2_4,326
R_8vrhThozwgZP96h,Practice-Only,Skills,RPS5,RP_S,circ_s_we_1,circ_s_t_1,circ_s_t_2,circ_s_t_3,trap_s_we_1,trap_s_t_1,trap_s_t_2,trap_s_t_3,rect_s_we_1,rect_s_t_1,rect_s_t_2,rect_s_t_3,tria_s_we_1,tria_s_t_1,tria_s_t_2,tria_s_t_3,prepost2_12,prepost2_15,prepost2_8,prepost2_16,prepost2_14,prepost2_13,prepost2_3,prepost2_7,prepost2_17,prepost2_2,prepost2_9,prepost2_11,prepost2_10,prepost2_5,prepost2_6,prepost2_4,327
R_3poui28dmnthKIg,Study-Practice,Facts,WEF3,WE_F,trap_f_we_1,trap_f_t_1,trap_f_we_2,trap_f_t_3,circ_f_we_1,circ_f_t_1,circ_f_we_2,circ_f_t_3,tria_f_we_1,tria_f_t_1,tria_f_we_2,tria_f_t_3,rect_f_we_3,rect_f_t_1,rect_f_we_1,rect_f_t_3,prepost2_17,prepost2_6,prepost2_8,prepost2_5,prepost2_14,prepost2_10,prepost2_2,prepost2_12,prepost2_13,prepost2_7,prepost2_11,prepost2_9,prepost2_15,prepost2_16,prepost2_3,prepost2_4,328
R_1jebCfYrMAsSwql,Study-Practice,Skills,WES2,WE_S,rect_s_we_1,rect_s_t_1,rect_s_we_2,rect_s_t_3,tria_s_we_1,tria_s_t_1,tria_s_we_2,tria_s_t_3,circ_s_we_1,circ_s_t_1,circ_s_we_2,circ_s_t_3,trap_s_we_1,trap_s_t_1,trap_s_we_2,trap_s_t_3,prepost2_6,prepost2_14,prepost2_10,prepost2_8,prepost2_12,prepost2_11,prepost2_15,prepost2_13,prepost2_5,prepost2_2,prepost2_17,prepost2_3,prepost2_7,prepost2_16,prepost2_9,prepost2_4,329
R_2wztl0HqJs9OaU5,Practice-Only,Facts,RPF6,RP_F,trap_f_we_1,trap_f_t_1,trap_f_t_2,trap_f_t_3,rect_f_we_3,rect_f_t_1,rect_f_t_2,rect_f_t_3,tria_f_we_1,tria_f_t_1,tria_f_t_2,tria_f_t_3,circ_f_we_1,circ_f_t_1,circ_f_t_2,circ_f_t_3,prepost2_15,prepost2_10,prepost2_17,prepost2_7,prepost2_5,prepost2_9,prepost2_14,prepost2_8,prepost2_12,prepost2_16,prepost2_3,prepost2_11,prepost2_2,prepost2_6,prepost2_13,prepost2_4,330
R_2VCLBYu1Lp32HaR,Study-Practice,Skills,WES1,WE_S,tria_s_we_1,tria_s_t_1,tria_s_we_2,tria_s_t_3,trap_s_we_1,trap_s_t_1,trap_s_we_2,trap_s_t_3,circ_s_we_1,circ_s_t_1,circ_s_we_2,circ_s_t_3,rect_s_we_1,rect_s_t_1,rect_s_we_2,rect_s_t_3,prepost2_9,prepost2_5,prepost2_10,prepost2_16,prepost2_13,prepost2_14,prepost2_7,prepost2_3,prepost2_17,prepost2_2,prepost2_15,prepost2_12,prepost2_8,prepost2_6,prepost2_11,prepost2_4,331
R_3KUZFJuUWGRUh2e,Practice-Only,Facts,RPF3,RP_F,trap_f_we_1,trap_f_t_1,trap_f_t_2,trap_f_t_3,circ_f_we_1,circ_f_t_1,circ_f_t_2,circ_f_t_3,tria_f_we_1,tria_f_t_1,tria_f_t_2,tria_f_t_3,rect_f_we_3,rect_f_t_1,rect_f_t_2,rect_f_t_3,prepost2_7,prepost2_17,prepost2_6,prepost2_16,prepost2_9,prepost2_5,prepost2_3,prepost2_13,prepost2_10,prepost2_12,prepost2_15,prepost2_14,prepost2_8,prepost2_11,prepost2_2,prepost2_4,332
R_RF6nDFERUxTQwrD,Practice-Only,Skills,RPS5,RP_S,circ_s_we_1,circ_s_t_1,circ_s_t_2,circ_s_t_3,trap_s_we_1,trap_s_t_1,trap_s_t_2,trap_s_t_3,rect_s_we_1,rect_s_t_1,rect_s_t_2,rect_s_t_3,tria_s_we_1,tria_s_t_1,tria_s_t_2,tria_s_t_3,prepost2_15,prepost2_8,prepost2_5,prepost2_6,prepost2_17,prepost2_9,prepost2_12,prepost2_2,prepost2_7,prepost2_16,prepost2_11,prepost2_13,prepost2_3,prepost2_14,prepost2_10,prepost2_4,333
R_AcbrieEAwiAaxd7,Study-Practice,Skills,WES5,WE_S,circ_s_we_1,circ_s_t_1,circ_s_we_2,circ_s_t_3,trap_s_we_1,trap_s_t_1,trap_s_we_2,trap_s_t_3,rect_s_we_1,rect_s_t_1,rect_s_we_2,rect_s_t_3,tria_s_we_1,tria_s_t_1,tria_s_we_2,tria_s_t_3,prepost2_11,prepost2_6,prepost2_10,prepost2_2,prepost2_13,prepost2_15,prepost2_17,prepost2_5,prepost2_9,prepost2_3,prepost2_14,prepost2_16,prepost2_12,prepost2_7,prepost2_8,prepost2_4,334
R_eyzFNSPGlRhQtbP,Practice-Only,Facts,RPF5,RP_F,circ_f_we_1,circ_f_t_1,circ_f_t_2,circ_f_t_3,trap_f_we_1,trap_f_t_1,trap_f_t_2,trap_f_t_3,rect_f_we_3,rect_f_t_1,rect_f_t_2,rect_f_t_3,tria_f_we_1,tria_f_t_1,tria_f_t_2,tria_f_t_3,prepost2_17,prepost2_5,prepost2_6,prepost2_3,prepost2_14,prepost2_11,prepost2_2,prepost2_16,prepost2_9,prepost2_15,prepost2_12,prepost2_10,prepost2_7,prepost2_8,prepost2_13,prepost2_4,335
R_Q4VQyxSxsIQTmPD,Study-Practice,Skills,WES7,WE_S,circ_s_we_1,circ_s_t_1,circ_s_we_2,circ_s_t_3,tria_s_we_1,tria_s_t_1,tria_s_we_2,tria_s_t_3,rect_s_we_1,rect_s_t_1,rect_s_we_2,rect_s_t_3,trap_s_we_1,trap_s_t_1,trap_s_we_2,trap_s_t_3,prepost2_8,prepost2_6,prepost2_11,prepost2_12,prepost2_13,prepost2_3,prepost2_5,prepost2_16,prepost2_14,prepost2_10,prepost2_2,prepost2_15,prepost2_9,prepost2_17,prepost2_7,prepost2_4,336
R_2teOkMEMEcPXThv,Study-Practice,Skills,WES5,WE_S,circ_s_we_1,circ_s_t_1,circ_s_we_2,circ_s_t_3,trap_s_we_1,trap_s_t_1,trap_s_we_2,trap_s_t_3,rect_s_we_1,rect_s_t_1,rect_s_we_2,rect_s_t_3,tria_s_we_1,tria_s_t_1,tria_s_we_2,tria_s_t_3,prepost2_17,prepost2_6,prepost2_12,prepost2_13,prepost2_10,prepost2_2,prepost2_15,prepost2_7,prepost2_14,prepost2_3,prepost2_5,prepost2_16,prepost2_11,prepost2_8,prepost2_9,prepost2_4,337
R_2XaIkvMgOLs6MAf,Study-Practice,Skills,WES5,WE_S,circ_s_we_1,circ_s_t_1,circ_s_we_2,circ_s_t_3,trap_s_we_1,trap_s_t_1,trap_s_we_2,trap_s_t_3,rect_s_we_1,rect_s_t_1,rect_s_we_2,rect_s_t_3,tria_s_we_1,tria_s_t_1,tria_s_we_2,tria_s_t_3,prepost2_11,prepost2_10,prepost2_6,prepost2_16,prepost2_14,prepost2_9,prepost2_7,prepost2_2,prepost2_5,prepost2_3,prepost2_12,prepost2_8,prepost2_13,prepost2_15,prepost2_17,prepost2_4,338
R_3JFzWHVGJIPxU67,Practice-Only,Facts,RPF3,RP_F,trap_f_we_1,trap_f_t_1,trap_f_t_2,trap_f_t_3,circ_f_we_1,circ_f_t_1,circ_f_t_2,circ_f_t_3,tria_f_we_1,tria_f_t_1,tria_f_t_2,tria_f_t_3,rect_f_we_3,rect_f_t_1,rect_f_t_2,rect_f_t_3,prepost2_12,prepost2_9,prepost2_13,prepost2_17,prepost2_11,prepost2_10,prepost2_15,prepost2_5,prepost2_16,prepost2_3,prepost2_7,prepost2_2,prepost2_14,prepost2_8,prepost2_6,prepost2_4,339
R_3MccquOTr5y2HOC,Study-Practice,Facts,WEF5,WE_F,circ_f_we_1,circ_f_t_1,circ_f_we_2,circ_f_t_3,trap_f_we_1,trap_f_t_1,trap_f_we_2,trap_f_t_3,rect_f_we_3,rect_f_t_1,rect_f_we_1,rect_f_t_3,tria_f_we_1,tria_f_t_1,tria_f_we_2,tria_f_t_3,prepost2_11,prepost2_10,prepost2_3,prepost2_14,prepost2_8,prepost2_12,prepost2_15,prepost2_7,prepost2_6,prepost2_5,prepost2_2,prepost2_13,prepost2_9,prepost2_17,prepost2_16,prepost2_4,340
R_1pGYh1CXNNdPwuQ,Study-Practice,Skills,WES4,WE_S,rect_s_we_1,rect_s_t_1,rect_s_we_2,rect_s_t_3,circ_s_we_1,circ_s_t_1,circ_s_we_2,circ_s_t_3,trap_s_we_1,trap_s_t_1,trap_s_we_2,trap_s_t_3,tria_s_we_1,tria_s_t_1,tria_s_we_2,tria_s_t_3,prepost2_8,prepost2_14,prepost2_15,prepost2_17,prepost2_11,prepost2_7,prepost2_13,prepost2_2,prepost2_9,prepost2_6,prepost2_5,prepost2_10,prepost2_12,prepost2_16,prepost2_3,prepost2_4,341
R_1g6KkpBjBrVVBCy,Study-Practice,Skills,WES7,WE_S,circ_s_we_1,circ_s_t_1,circ_s_we_2,circ_s_t_3,tria_s_we_1,tria_s_t_1,tria_s_we_2,tria_s_t_3,rect_s_we_1,rect_s_t_1,rect_s_we_2,rect_s_t_3,trap_s_we_1,trap_s_t_1,trap_s_we_2,trap_s_t_3,prepost2_7,prepost2_3,prepost2_9,prepost2_6,prepost2_8,prepost2_13,prepost2_10,prepost2_16,prepost2_14,prepost2_11,prepost2_12,prepost2_15,prepost2_2,prepost2_17,prepost2_5,prepost2_4,342
R_2QPWHZhoUbyl09T,Practice-Only,Facts,RPF3,RP_F,trap_f_we_1,trap_f_t_1,trap_f_t_2,trap_f_t_3,circ_f_we_1,circ_f_t_1,circ_f_t_2,circ_f_t_3,tria_f_we_1,tria_f_t_1,tria_f_t_2,tria_f_t_3,rect_f_we_3,rect_f_t_1,rect_f_t_2,rect_f_t_3,prepost2_17,prepost2_15,prepost2_13,prepost2_14,prepost2_12,prepost2_6,prepost2_9,prepost2_11,prepost2_10,prepost2_5,prepost2_2,prepost2_7,prepost2_8,prepost2_3,prepost2_16,prepost2_4,343
R_1Kq1tGOBLSyZ47Z,Practice-Only,Facts,RPF5,RP_F,circ_f_we_1,circ_f_t_1,circ_f_t_2,circ_f_t_3,trap_f_we_1,trap_f_t_1,trap_f_t_2,trap_f_t_3,rect_f_we_3,rect_f_t_1,rect_f_t_2,rect_f_t_3,tria_f_we_1,tria_f_t_1,tria_f_t_2,tria_f_t_3,prepost2_6,prepost2_16,prepost2_5,prepost2_12,prepost2_3,prepost2_11,prepost2_10,prepost2_7,prepost2_9,prepost2_2,prepost2_13,prepost2_8,prepost2_14,prepost2_15,prepost2_17,prepost2_4,344
R_10ZCBbqaoCR5ia6,Practice-Only,Facts,RPF6,RP_F,trap_f_we_1,trap_f_t_1,trap_f_t_2,trap_f_t_3,rect_f_we_3,rect_f_t_1,rect_f_t_2,rect_f_t_3,tria_f_we_1,tria_f_t_1,tria_f_t_2,tria_f_t_3,circ_f_we_1,circ_f_t_1,circ_f_t_2,circ_f_t_3,prepost2_12,prepost2_2,prepost2_14,prepost2_17,prepost2_6,prepost2_16,prepost2_8,prepost2_7,prepost2_5,prepost2_11,prepost2_10,prepost2_13,prepost2_3,prepost2_9,prepost2_15,prepost2_4,345
R_1liw7JDul4MLmtW,Practice-Only,Skills,RPS3,RP_S,trap_s_we_1,trap_s_t_1,trap_s_t_2,trap_s_t_3,circ_s_we_1,circ_s_t_1,circ_s_t_2,circ_s_t_3,tria_s_we_1,tria_s_t_1,tria_s_t_2,tria_s_t_3,rect_s_we_1,rect_s_t_1,rect_s_t_2,rect_s_t_3,prepost2_3,prepost2_14,prepost2_7,prepost2_9,prepost2_8,prepost2_6,prepost2_15,prepost2_11,prepost2_17,prepost2_2,prepost2_16,prepost2_5,prepost2_12,prepost2_10,prepost2_13,prepost2_4,346
R_1Kx0sVelxTMLFAk,Practice-Only,Facts,RPF2,RP_F,rect_f_we_3,rect_f_t_1,rect_f_t_2,rect_f_t_3,tria_f_we_1,tria_f_t_1,tria_f_t_2,tria_f_t_3,circ_f_we_1,circ_f_t_1,circ_f_t_2,circ_f_t_3,trap_f_we_1,trap_f_t_1,trap_f_t_2,trap_f_t_3,prepost2_14,prepost2_5,prepost2_8,prepost2_12,prepost2_15,prepost2_7,prepost2_10,prepost2_6,prepost2_16,prepost2_11,prepost2_3,prepost2_13,prepost2_17,prepost2_2,prepost2_9,prepost2_4,347
R_2WUaAKZX4kmBOMD,Study-Practice,Skills,WES5,WE_S,circ_s_we_1,circ_s_t_1,circ_s_we_2,circ_s_t_3,trap_s_we_1,trap_s_t_1,trap_s_we_2,trap_s_t_3,rect_s_we_1,rect_s_t_1,rect_s_we_2,rect_s_t_3,tria_s_we_1,tria_s_t_1,tria_s_we_2,tria_s_t_3,prepost2_11,prepost2_15,prepost2_13,prepost2_14,prepost2_8,prepost2_9,prepost2_7,prepost2_5,prepost2_12,prepost2_3,prepost2_17,prepost2_6,prepost2_16,prepost2_10,prepost2_2,prepost2_4,348
R_21Ai4lnPY4NjwRP,Study-Practice,Skills,WES2,WE_S,rect_s_we_1,rect_s_t_1,rect_s_we_2,rect_s_t_3,tria_s_we_1,tria_s_t_1,tria_s_we_2,tria_s_t_3,circ_s_we_1,circ_s_t_1,circ_s_we_2,circ_s_t_3,trap_s_we_1,trap_s_t_1,trap_s_we_2,trap_s_t_3,prepost2_12,prepost2_2,prepost2_9,prepost2_15,prepost2_7,prepost2_5,prepost2_10,prepost2_8,prepost2_3,prepost2_14,prepost2_13,prepost2_6,prepost2_11,prepost2_17,prepost2_16,prepost2_4,349
R_3n0FEgDToioeKmx,Practice-Only,Facts,RPF2,RP_F,rect_f_we_3,rect_f_t_1,rect_f_t_2,rect_f_t_3,tria_f_we_1,tria_f_t_1,tria_f_t_2,tria_f_t_3,circ_f_we_1,circ_f_t_1,circ_f_t_2,circ_f_t_3,trap_f_we_1,trap_f_t_1,trap_f_t_2,trap_f_t_3,prepost2_16,prepost2_10,prepost2_14,prepost2_9,prepost2_12,prepost2_11,prepost2_5,prepost2_17,prepost2_2,prepost2_15,prepost2_6,prepost2_8,prepost2_3,prepost2_7,prepost2_13,prepost2_4,350
R_1ez2nzpdyBaHdLC,Practice-Only,Skills,RPS2,RP_S,rect_s_we_1,rect_s_t_1,rect_s_t_2,rect_s_t_3,tria_s_we_1,tria_s_t_1,tria_s_t_2,tria_s_t_3,circ_s_we_1,circ_s_t_1,circ_s_t_2,circ_s_t_3,trap_s_we_1,trap_s_t_1,trap_s_t_2,trap_s_t_3,prepost2_17,prepost2_11,prepost2_8,prepost2_14,prepost2_3,prepost2_2,prepost2_6,prepost2_10,prepost2_12,prepost2_16,prepost2_15,prepost2_7,prepost2_13,prepost2_9,prepost2_5,prepost2_4,351
R_pFavpgGhvF0YELv,Practice-Only,Skills,RPS1,RP_S,tria_s_we_1,tria_s_t_1,tria_s_t_2,tria_s_t_3,trap_s_we_1,trap_s_t_1,trap_s_t_2,trap_s_t_3,circ_s_we_1,circ_s_t_1,circ_s_t_2,circ_s_t_3,rect_s_we_1,rect_s_t_1,rect_s_t_2,rect_s_t_3,prepost2_8,prepost2_13,prepost2_10,prepost2_14,prepost2_3,prepost2_9,prepost2_17,prepost2_6,prepost2_2,prepost2_12,prepost2_5,prepost2_7,prepost2_15,prepost2_16,prepost2_11,prepost2_4,352
R_2Tv3ZnaoVjyG8eE,Practice-Only,Facts,RPF7,RP_F,circ_f_we_1,circ_f_t_1,circ_f_t_2,circ_f_t_3,tria_f_we_1,tria_f_t_1,tria_f_t_2,tria_f_t_3,rect_f_we_3,rect_f_t_1,rect_f_t_2,rect_f_t_3,trap_f_we_1,trap_f_t_1,trap_f_t_2,trap_f_t_3,prepost2_10,prepost2_2,prepost2_14,prepost2_16,prepost2_11,prepost2_8,prepost2_6,prepost2_17,prepost2_12,prepost2_9,prepost2_13,prepost2_5,prepost2_15,prepost2_7,prepost2_3,prepost2_4,353
R_22Yyx1JrHveVTKd,Practice-Only,Facts,RPF2,RP_F,rect_f_we_3,rect_f_t_1,rect_f_t_2,rect_f_t_3,tria_f_we_1,tria_f_t_1,tria_f_t_2,tria_f_t_3,circ_f_we_1,circ_f_t_1,circ_f_t_2,circ_f_t_3,trap_f_we_1,trap_f_t_1,trap_f_t_2,trap_f_t_3,prepost2_15,prepost2_2,prepost2_10,prepost2_6,prepost2_9,prepost2_8,prepost2_12,prepost2_5,prepost2_17,prepost2_16,prepost2_14,prepost2_11,prepost2_3,prepost2_13,prepost2_7,prepost2_4,354
R_2zG9rwGTTot4DeW,Practice-Only,Skills,RPS1,RP_S,tria_s_we_1,tria_s_t_1,tria_s_t_2,tria_s_t_3,trap_s_we_1,trap_s_t_1,trap_s_t_2,trap_s_t_3,circ_s_we_1,circ_s_t_1,circ_s_t_2,circ_s_t_3,rect_s_we_1,rect_s_t_1,rect_s_t_2,rect_s_t_3,prepost2_3,prepost2_6,prepost2_5,prepost2_7,prepost2_16,prepost2_12,prepost2_11,prepost2_17,prepost2_13,prepost2_15,prepost2_14,prepost2_10,prepost2_2,prepost2_8,prepost2_9,prepost2_4,355
R_2f7EdNxSyOLuMww,Study-Practice,Facts,WEF6,WE_F,trap_f_we_1,trap_f_t_1,trap_f_we_2,trap_f_t_3,rect_f_we_3,rect_f_t_1,rect_f_we_1,rect_f_t_3,tria_f_we_1,tria_f_t_1,tria_f_we_2,tria_f_t_3,circ_f_we_1,circ_f_t_1,circ_f_we_2,circ_f_t_3,prepost2_8,prepost2_13,prepost2_9,prepost2_7,prepost2_6,prepost2_14,prepost2_15,prepost2_12,prepost2_5,prepost2_10,prepost2_2,prepost2_11,prepost2_16,prepost2_3,prepost2_17,prepost2_4,356
R_RDDbphA7ZgjNG5r,Study-Practice,Skills,WES2,WE_S,rect_s_we_1,rect_s_t_1,rect_s_we_2,rect_s_t_3,tria_s_we_1,tria_s_t_1,tria_s_we_2,tria_s_t_3,circ_s_we_1,circ_s_t_1,circ_s_we_2,circ_s_t_3,trap_s_we_1,trap_s_t_1,trap_s_we_2,trap_s_t_3,prepost2_16,prepost2_17,prepost2_14,prepost2_15,prepost2_6,prepost2_11,prepost2_8,prepost2_7,prepost2_3,prepost2_10,prepost2_9,prepost2_12,prepost2_5,prepost2_13,prepost2_2,prepost2_4,357
R_1Qc37VJNi8zYDaB,Practice-Only,Facts,RPF8,RP_F,tria_f_we_1,tria_f_t_1,tria_f_t_2,tria_f_t_3,rect_f_we_3,rect_f_t_1,rect_f_t_2,rect_f_t_3,trap_f_we_1,trap_f_t_1,trap_f_t_2,trap_f_t_3,circ_f_we_1,circ_f_t_1,circ_f_t_2,circ_f_t_3,prepost2_13,prepost2_12,prepost2_10,prepost2_3,prepost2_15,prepost2_5,prepost2_9,prepost2_2,prepost2_8,prepost2_17,prepost2_7,prepost2_11,prepost2_14,prepost2_16,prepost2_6,prepost2_4,358
R_3D0c2S17tXChgM2,Study-Practice,Facts,WEF3,WE_F,trap_f_we_1,trap_f_t_1,trap_f_we_2,trap_f_t_3,circ_f_we_1,circ_f_t_1,circ_f_we_2,circ_f_t_3,tria_f_we_1,tria_f_t_1,tria_f_we_2,tria_f_t_3,rect_f_we_3,rect_f_t_1,rect_f_we_1,rect_f_t_3,prepost2_12,prepost2_5,prepost2_6,prepost2_16,prepost2_2,prepost2_14,prepost2_3,prepost2_11,prepost2_13,prepost2_15,prepost2_7,prepost2_17,prepost2_9,prepost2_8,prepost2_10,prepost2_4,359
R_3oT8mBcOp0zAnVb,Study-Practice,Skills,WES7,WE_S,circ_s_we_1,circ_s_t_1,circ_s_we_2,circ_s_t_3,tria_s_we_1,tria_s_t_1,tria_s_we_2,tria_s_t_3,rect_s_we_1,rect_s_t_1,rect_s_we_2,rect_s_t_3,trap_s_we_1,trap_s_t_1,trap_s_we_2,trap_s_t_3,prepost2_6,prepost2_12,prepost2_13,prepost2_3,prepost2_7,prepost2_10,prepost2_8,prepost2_2,prepost2_9,prepost2_14,prepost2_16,prepost2_11,prepost2_5,prepost2_15,prepost2_17,prepost2_4,360
R_eSb878HLBI8cM9j,Study-Practice,Facts,WEF1,WE_F,tria_f_we_1,tria_f_t_1,tria_f_we_2,tria_f_t_3,trap_f_we_1,trap_f_t_1,trap_f_we_2,trap_f_t_3,circ_f_we_1,circ_f_t_1,circ_f_we_2,circ_f_t_3,rect_f_we_3,rect_f_t_1,rect_f_we_1,rect_f_t_3,prepost2_6,prepost2_10,prepost2_12,prepost2_8,prepost2_7,prepost2_15,prepost2_17,prepost2_14,prepost2_5,prepost2_9,prepost2_2,prepost2_13,prepost2_11,prepost2_3,prepost2_16,prepost2_4,361
R_3fCccs4bZ0Frgbz,Practice-Only,Facts,RPF8,RP_F,tria_f_we_1,tria_f_t_1,tria_f_t_2,tria_f_t_3,rect_f_we_3,rect_f_t_1,rect_f_t_2,rect_f_t_3,trap_f_we_1,trap_f_t_1,trap_f_t_2,trap_f_t_3,circ_f_we_1,circ_f_t_1,circ_f_t_2,circ_f_t_3,prepost2_3,prepost2_10,prepost2_17,prepost2_16,prepost2_6,prepost2_7,prepost2_8,prepost2_5,prepost2_14,prepost2_15,prepost2_12,prepost2_2,prepost2_11,prepost2_13,prepost2_9,prepost2_4,362
R_1HorYhUly4w9qDo,Study-Practice,Skills,WES8,WE_S,tria_s_we_1,tria_s_t_1,tria_s_we_2,tria_s_t_3,rect_s_we_1,rect_s_t_1,rect_s_we_2,rect_s_t_3,trap_s_we_1,trap_s_t_1,trap_s_we_2,trap_s_t_3,circ_s_we_1,circ_s_t_1,circ_s_we_2,circ_s_t_3,prepost2_13,prepost2_3,prepost2_12,prepost2_9,prepost2_7,prepost2_16,prepost2_11,prepost2_10,prepost2_14,prepost2_15,prepost2_17,prepost2_5,prepost2_2,prepost2_6,prepost2_8,prepost2_4,363
R_1pxqimf0oNfiPHw,Practice-Only,Skills,RPS8,RP_S,tria_s_we_1,tria_s_t_1,tria_s_t_2,tria_s_t_3,rect_s_we_1,rect_s_t_1,rect_s_t_2,rect_s_t_3,trap_s_we_1,trap_s_t_1,trap_s_t_2,trap_s_t_3,circ_s_we_1,circ_s_t_1,circ_s_t_2,circ_s_t_3,prepost2_9,prepost2_7,prepost2_2,prepost2_12,prepost2_8,prepost2_16,prepost2_13,prepost2_5,prepost2_17,prepost2_6,prepost2_3,prepost2_10,prepost2_11,prepost2_14,prepost2_15,prepost2_4,364
R_vBJauh58XE7hsGt,Practice-Only,Skills,RPS8,RP_S,tria_s_we_1,tria_s_t_1,tria_s_t_2,tria_s_t_3,rect_s_we_1,rect_s_t_1,rect_s_t_2,rect_s_t_3,trap_s_we_1,trap_s_t_1,trap_s_t_2,trap_s_t_3,circ_s_we_1,circ_s_t_1,circ_s_t_2,circ_s_t_3,prepost2_5,prepost2_3,prepost2_6,prepost2_17,prepost2_14,prepost2_12,prepost2_7,prepost2_2,prepost2_13,prepost2_11,prepost2_8,prepost2_9,prepost2_15,prepost2_10,prepost2_16,prepost2_4,365
R_3pswnSK1brvYQsC,Study-Practice,Facts,WEF8,WE_F,tria_f_we_1,tria_f_t_1,tria_f_we_2,tria_f_t_3,rect_f_we_3,rect_f_t_1,rect_f_we_1,rect_f_t_3,trap_f_we_1,trap_f_t_1,trap_f_we_2,trap_f_t_3,circ_f_we_1,circ_f_t_1,circ_f_we_2,circ_f_t_3,prepost2_17,prepost2_8,prepost2_3,prepost2_2,prepost2_13,prepost2_11,prepost2_5,prepost2_10,prepost2_15,prepost2_7,prepost2_14,prepost2_6,prepost2_12,prepost2_9,prepost2_16,prepost2_4,366
R_3Ok6RDpRozn0DgD,Practice-Only,Facts,RPF3,RP_F,trap_f_we_1,trap_f_t_1,trap_f_t_2,trap_f_t_3,circ_f_we_1,circ_f_t_1,circ_f_t_2,circ_f_t_3,tria_f_we_1,tria_f_t_1,tria_f_t_2,tria_f_t_3,rect_f_we_3,rect_f_t_1,rect_f_t_2,rect_f_t_3,prepost2_9,prepost2_8,prepost2_12,prepost2_5,prepost2_15,prepost2_11,prepost2_10,prepost2_2,prepost2_3,prepost2_13,prepost2_7,prepost2_14,prepost2_6,prepost2_16,prepost2_17,prepost2_4,367
R_1Okp8Mxk70ENYrW,Study-Practice,Facts,WEF3,WE_F,trap_f_we_1,trap_f_t_1,trap_f_we_2,trap_f_t_3,circ_f_we_1,circ_f_t_1,circ_f_we_2,circ_f_t_3,tria_f_we_1,tria_f_t_1,tria_f_we_2,tria_f_t_3,rect_f_we_3,rect_f_t_1,rect_f_we_1,rect_f_t_3,prepost2_15,prepost2_10,prepost2_17,prepost2_14,prepost2_11,prepost2_9,prepost2_8,prepost2_13,prepost2_7,prepost2_3,prepost2_16,prepost2_12,prepost2_6,prepost2_5,prepost2_2,prepost2_4,368
R_3oHk8OqIo4sBRlo,Practice-Only,Skills,RPS2,RP_S,rect_s_we_1,rect_s_t_1,rect_s_t_2,rect_s_t_3,tria_s_we_1,tria_s_t_1,tria_s_t_2,tria_s_t_3,circ_s_we_1,circ_s_t_1,circ_s_t_2,circ_s_t_3,trap_s_we_1,trap_s_t_1,trap_s_t_2,trap_s_t_3,prepost2_13,prepost2_16,prepost2_14,prepost2_6,prepost2_11,prepost2_5,prepost2_12,prepost2_2,prepost2_7,prepost2_8,prepost2_10,prepost2_3,prepost2_17,prepost2_15,prepost2_9,prepost2_4,369
R_1FkBP2ALCVIXSmu,Study-Practice,Skills,WES4,WE_S,rect_s_we_1,rect_s_t_1,rect_s_we_2,rect_s_t_3,circ_s_we_1,circ_s_t_1,circ_s_we_2,circ_s_t_3,trap_s_we_1,trap_s_t_1,trap_s_we_2,trap_s_t_3,tria_s_we_1,tria_s_t_1,tria_s_we_2,tria_s_t_3,prepost2_16,prepost2_6,prepost2_13,prepost2_5,prepost2_10,prepost2_14,prepost2_15,prepost2_3,prepost2_12,prepost2_11,prepost2_17,prepost2_7,prepost2_8,prepost2_9,prepost2_2,prepost2_4,370
R_20Sdt_3ahsnN54Do,Study-Practice,Skills,WES4,WE_S,rect_s_we_1,rect_s_t_1,rect_s_we_2,rect_s_t_3,circ_s_we_1,circ_s_t_1,circ_s_we_2,circ_s_t_3,trap_s_we_1,trap_s_t_1,trap_s_we_2,trap_s_t_3,tria_s_we_1,tria_s_t_1,tria_s_we_2,tria_s_t_3,prepost2_6,prepost2_7,prepost2_2,prepost2_14,prepost2_10,prepost2_11,prepost2_13,prepost2_8,prepost2_16,prepost2_9,prepost2_17,prepost2_12,prepost2_3,prepost2_5,prepost2_15,prepost2_4,371
R_1YAv1FMqgnBUDp7,Practice-Only,Facts,RPF1,RP_F,tria_f_we_1,tria_f_t_1,tria_f_t_2,tria_f_t_3,trap_f_we_1,trap_f_t_1,trap_f_t_2,trap_f_t_3,circ_f_we_1,circ_f_t_1,circ_f_t_2,circ_f_t_3,rect_f_we_3,rect_f_t_1,rect_f_t_2,rect_f_t_3,prepost2_16,prepost2_6,prepost2_15,prepost2_2,prepost2_14,prepost2_10,prepost2_8,prepost2_7,prepost2_3,prepost2_17,prepost2_5,prepost2_9,prepost2_13,prepost2_11,prepost2_12,prepost2_4,372
R_2VscveI2aG60EKF,Practice-Only,Skills,RPS8,RP_S,tria_s_we_1,tria_s_t_1,tria_s_t_2,tria_s_t_3,rect_s_we_1,rect_s_t_1,rect_s_t_2,rect_s_t_3,trap_s_we_1,trap_s_t_1,trap_s_t_2,trap_s_t_3,circ_s_we_1,circ_s_t_1,circ_s_t_2,circ_s_t_3,prepost2_13,prepost2_6,prepost2_9,prepost2_3,prepost2_12,prepost2_7,prepost2_10,prepost2_15,prepost2_14,prepost2_2,prepost2_8,prepost2_5,prepost2_16,prepost2_17,prepost2_11,prepost2_4,373
R_1mlrW1e5VSIxawD,Study-Practice,Facts,WEF5,WE_F,circ_f_we_1,circ_f_t_1,circ_f_we_2,circ_f_t_3,trap_f_we_1,trap_f_t_1,trap_f_we_2,trap_f_t_3,rect_f_we_3,rect_f_t_1,rect_f_we_1,rect_f_t_3,tria_f_we_1,tria_f_t_1,tria_f_we_2,tria_f_t_3,prepost2_11,prepost2_8,prepost2_7,prepost2_16,prepost2_12,prepost2_17,prepost2_2,prepost2_9,prepost2_5,prepost2_13,prepost2_15,prepost2_6,prepost2_10,prepost2_14,prepost2_3,prepost2_4,374
R_zYXcKNBXMy4XGtb,Practice-Only,Facts,RPF3,RP_F,trap_f_we_1,trap_f_t_1,trap_f_t_2,trap_f_t_3,circ_f_we_1,circ_f_t_1,circ_f_t_2,circ_f_t_3,tria_f_we_1,tria_f_t_1,tria_f_t_2,tria_f_t_3,rect_f_we_3,rect_f_t_1,rect_f_t_2,rect_f_t_3,prepost2_2,prepost2_8,prepost2_12,prepost2_7,prepost2_5,prepost2_6,prepost2_16,prepost2_13,prepost2_11,prepost2_10,prepost2_15,prepost2_14,prepost2_3,prepost2_9,prepost2_17,prepost2_4,375
R_2b3GU0fh7bnf5b8,Practice-Only,Facts,RPF1,RP_F,tria_f_we_1,tria_f_t_1,tria_f_t_2,tria_f_t_3,trap_f_we_1,trap_f_t_1,trap_f_t_2,trap_f_t_3,circ_f_we_1,circ_f_t_1,circ_f_t_2,circ_f_t_3,rect_f_we_3,rect_f_t_1,rect_f_t_2,rect_f_t_3,prepost2_12,prepost2_16,prepost2_3,prepost2_6,prepost2_13,prepost2_14,prepost2_2,prepost2_8,prepost2_11,prepost2_9,prepost2_7,prepost2_10,prepost2_17,prepost2_5,prepost2_15,prepost2_4,376
R_2AZsf16oX0VhO5H,Study-Practice,Facts,WEF4,WE_F,rect_f_we_3,rect_f_t_1,rect_f_we_1,rect_f_t_3,circ_f_we_1,circ_f_t_1,circ_f_we_2,circ_f_t_3,trap_f_we_1,trap_f_t_1,trap_f_we_2,trap_f_t_3,tria_f_we_1,tria_f_t_1,tria_f_we_2,tria_f_t_3,prepost2_6,prepost2_7,prepost2_5,prepost2_9,prepost2_2,prepost2_17,prepost2_14,prepost2_13,prepost2_12,prepost2_11,prepost2_15,prepost2_10,prepost2_3,prepost2_8,prepost2_16,prepost2_4,377
R_sXzkuHZ07xckLN7,Study-Practice,Skills,WES7,WE_S,circ_s_we_1,circ_s_t_1,circ_s_we_2,circ_s_t_3,tria_s_we_1,tria_s_t_1,tria_s_we_2,tria_s_t_3,rect_s_we_1,rect_s_t_1,rect_s_we_2,rect_s_t_3,trap_s_we_1,trap_s_t_1,trap_s_we_2,trap_s_t_3,prepost2_14,prepost2_13,prepost2_7,prepost2_11,prepost2_15,prepost2_16,prepost2_10,prepost2_5,prepost2_6,prepost2_3,prepost2_12,prepost2_2,prepost2_8,prepost2_9,prepost2_17,prepost2_4,378
R_9tyhfUC0inUBUzf,Study-Practice,Facts,WEF1,WE_F,tria_f_we_1,tria_f_t_1,tria_f_we_2,tria_f_t_3,trap_f_we_1,trap_f_t_1,trap_f_we_2,trap_f_t_3,circ_f_we_1,circ_f_t_1,circ_f_we_2,circ_f_t_3,rect_f_we_3,rect_f_t_1,rect_f_we_1,rect_f_t_3,prepost2_15,prepost2_6,prepost2_11,prepost2_10,prepost2_14,prepost2_17,prepost2_13,prepost2_7,prepost2_9,prepost2_16,prepost2_8,prepost2_12,prepost2_5,prepost2_2,prepost2_3,prepost2_4,379
R_1hVWoifBYesvQeb,Practice-Only,Skills,RPS2,RP_S,rect_s_we_1,rect_s_t_1,rect_s_t_2,rect_s_t_3,tria_s_we_1,tria_s_t_1,tria_s_t_2,tria_s_t_3,circ_s_we_1,circ_s_t_1,circ_s_t_2,circ_s_t_3,trap_s_we_1,trap_s_t_1,trap_s_t_2,trap_s_t_3,prepost2_17,prepost2_5,prepost2_10,prepost2_6,prepost2_2,prepost2_3,prepost2_8,prepost2_9,prepost2_11,prepost2_12,prepost2_16,prepost2_13,prepost2_7,prepost2_15,prepost2_14,prepost2_4,380
R_31shFsygF23yr1T,Study-Practice,Facts,WEF1,WE_F,tria_f_we_1,tria_f_t_1,tria_f_we_2,tria_f_t_3,trap_f_we_1,trap_f_t_1,trap_f_we_2,trap_f_t_3,circ_f_we_1,circ_f_t_1,circ_f_we_2,circ_f_t_3,rect_f_we_3,rect_f_t_1,rect_f_we_1,rect_f_t_3,prepost2_5,prepost2_8,prepost2_16,prepost2_6,prepost2_17,prepost2_13,prepost2_7,prepost2_14,prepost2_9,prepost2_2,prepost2_10,prepost2_12,prepost2_15,prepost2_3,prepost2_11,prepost2_4,381
R_1KrHzCuNVB9TX8c,Study-Practice,Skills,WES6,WE_S,trap_s_we_1,trap_s_t_1,trap_s_we_2,trap_s_t_3,rect_s_we_1,rect_s_t_1,rect_s_we_2,rect_s_t_3,tria_s_we_1,tria_s_t_1,tria_s_we_2,tria_s_t_3,circ_s_we_1,circ_s_t_1,circ_s_we_2,circ_s_t_3,prepost2_3,prepost2_9,prepost2_14,prepost2_2,prepost2_16,prepost2_8,prepost2_10,prepost2_11,prepost2_5,prepost2_7,prepost2_6,prepost2_15,prepost2_13,prepost2_17,prepost2_12,prepost2_4,382
R_afVEtanYgxkoFTb,Study-Practice,Facts,WEF8,WE_F,tria_f_we_1,tria_f_t_1,tria_f_we_2,tria_f_t_3,rect_f_we_3,rect_f_t_1,rect_f_we_1,rect_f_t_3,trap_f_we_1,trap_f_t_1,trap_f_we_2,trap_f_t_3,circ_f_we_1,circ_f_t_1,circ_f_we_2,circ_f_t_3,prepost2_10,prepost2_15,prepost2_11,prepost2_7,prepost2_9,prepost2_5,prepost2_17,prepost2_13,prepost2_6,prepost2_8,prepost2_2,prepost2_3,prepost2_12,prepost2_16,prepost2_14,prepost2_4,383
