agent_id,training_type,training_concept,q1,q2,q3,q4,q5,q6,q7,q8,q9,q10,q11,q12,q13,q14,q15,q16,post_q1,post_q2,post_q3,post_q4,post_q5,post_q6,post_q7,post_q8
RP_S_1,Retrieval Practice,Skills,bullseye_3_we,bullseye_4,diamond_3_we,diamond_4,sun_2_we,sun_4,diamond_5,diamond_2,command_2_we,command_3,command_4,bullseye_2,sun_5,command_5,sun_3,bullseye_5,prepost2_8,prepost2_10,prepost2_14,prepost2_4,prepost2_16,prepost2_6,prepost2_12,prepost2_2
RP_S_2,Retrieval Practice,Skills,sun_2_we,sun_4,command_3_we,command_4,bullseye_2_we,bullseye_4,diamond_3_we,diamond_5,diamond_2,diamond_4,sun_3,command_5,command_2,bullseye_3,bullseye_5,sun_5,prepost2_8,prepost2_10,prepost2_14,prepost2_4,prepost2_16,prepost2_6,prepost2_12,prepost2_2
RP_S_3,Retrieval Practice,Skills,sun_4_we,sun_3,sun_2,bullseye_4_we,bullseye_5,diamond_5_we,diamond_2,command_5_we,command_4,diamond_4,diamond_3,bullseye_2,bullseye_3,command_3,command_2,sun_5,prepost2_8,prepost2_10,prepost2_14,prepost2_4,prepost2_16,prepost2_6,prepost2_12,prepost2_2
RP_S_4,Retrieval Practice,Skills,diamond_3_we,diamond_4,command_2_we,command_5,bullseye_4_we,bullseye_3,diamond_5,bullseye_5,diamond_2,sun_2_we,sun_5,bullseye_2,command_3,command_4,sun_4,sun_3,prepost2_8,prepost2_10,prepost2_14,prepost2_4,prepost2_16,prepost2_6,prepost2_12,prepost2_2
RP_S_5,Retrieval Practice,Skills,diamond_3_we,diamond_4,command_4_we,command_2,sun_4_we,sun_5,sun_3,bullseye_5_we,bullseye_4,command_3,bullseye_3,bullseye_2,sun_2,diamond_2,command_5,diamond_5,prepost2_8,prepost2_10,prepost2_14,prepost2_4,prepost2_16,prepost2_6,prepost2_12,prepost2_2
RP_S_6,Retrieval Practice,Skills,sun_2_we,sun_5,command_2_we,command_3,bullseye_5_we,bullseye_3,bullseye_2,command_4,diamond_5_we,diamond_4,sun_3,diamond_2,bullseye_4,command_5,sun_4,diamond_3,prepost2_8,prepost2_10,prepost2_14,prepost2_4,prepost2_16,prepost2_6,prepost2_12,prepost2_2
RP_S_7,Retrieval Practice,Skills,sun_5_we,sun_4,bullseye_3_we,bullseye_5,bullseye_4,sun_2,command_4_we,command_2,sun_3,diamond_4_we,diamond_3,diamond_2,bullseye_2,diamond_5,command_5,command_3,prepost2_8,prepost2_10,prepost2_14,prepost2_4,prepost2_16,prepost2_6,prepost2_12,prepost2_2
RP_S_8,Retrieval Practice,Skills,diamond_5_we,diamond_3,diamond_4,command_3_we,command_2,bullseye_2_we,bullseye_4,command_4,command_5,sun_2_we,sun_4,bullseye_5,sun_5,bullseye_3,sun_3,diamond_2,prepost2_8,prepost2_10,prepost2_14,prepost2_4,prepost2_16,prepost2_6,prepost2_12,prepost2_2
RP_S_9,Retrieval Practice,Skills,bullseye_5_we,bullseye_3,command_4_we,command_3,diamond_4_we,diamond_5,command_5,diamond_2,sun_2_we,sun_5,diamond_3,command_2,sun_4,sun_3,bullseye_2,bullseye_4,prepost2_8,prepost2_10,prepost2_14,prepost2_4,prepost2_16,prepost2_6,prepost2_12,prepost2_2
RP_S_10,Retrieval Practice,Skills,bullseye_3_we,bullseye_5,command_4_we,command_5,bullseye_4,command_2,sun_2_we,sun_3,bullseye_2,diamond_5_we,diamond_3,sun_4,command_3,diamond_2,diamond_4,sun_5,prepost2_8,prepost2_10,prepost2_14,prepost2_4,prepost2_16,prepost2_6,prepost2_12,prepost2_2
RP_S_11,Retrieval Practice,Skills,bullseye_4_we,bullseye_3,command_2_we,command_5,sun_2_we,sun_3,sun_4,bullseye_5,diamond_5_we,diamond_2,sun_5,command_4,command_3,diamond_4,bullseye_2,diamond_3,prepost2_8,prepost2_10,prepost2_14,prepost2_4,prepost2_16,prepost2_6,prepost2_12,prepost2_2
RP_S_12,Retrieval Practice,Skills,command_2_we,command_4,sun_2_we,sun_3,diamond_4_we,diamond_3,bullseye_5_we,bullseye_4,diamond_5,command_3,sun_5,sun_4,command_5,bullseye_3,bullseye_2,diamond_2,prepost2_8,prepost2_10,prepost2_14,prepost2_4,prepost2_16,prepost2_6,prepost2_12,prepost2_2
RP_S_13,Retrieval Practice,Skills,sun_5_we,sun_3,sun_2,bullseye_2_we,bullseye_3,diamond_3_we,diamond_5,diamond_4,bullseye_4,bullseye_5,diamond_2,sun_4,command_5_we,command_4,command_2,command_3,prepost2_8,prepost2_10,prepost2_14,prepost2_4,prepost2_16,prepost2_6,prepost2_12,prepost2_2
RP_S_14,Retrieval Practice,Skills,command_4_we,command_5,bullseye_5_we,bullseye_2,sun_2_we,sun_5,sun_4,sun_3,bullseye_4,diamond_4_we,diamond_3,diamond_2,command_3,command_2,bullseye_3,diamond_5,prepost2_8,prepost2_10,prepost2_14,prepost2_4,prepost2_16,prepost2_6,prepost2_12,prepost2_2
RP_S_15,Retrieval Practice,Skills,diamond_2_we,diamond_4,sun_3_we,sun_2,sun_5,command_5_we,command_2,sun_4,diamond_3,bullseye_3_we,bullseye_5,bullseye_2,command_3,command_4,diamond_5,bullseye_4,prepost2_8,prepost2_10,prepost2_14,prepost2_4,prepost2_16,prepost2_6,prepost2_12,prepost2_2
RP_S_16,Retrieval Practice,Skills,command_5_we,command_3,sun_3_we,sun_2,bullseye_4_we,bullseye_3,command_4,bullseye_2,bullseye_5,sun_4,diamond_2_we,diamond_5,sun_5,command_2,diamond_3,diamond_4,prepost2_8,prepost2_10,prepost2_14,prepost2_4,prepost2_16,prepost2_6,prepost2_12,prepost2_2
RP_S_17,Retrieval Practice,Skills,diamond_3_we,diamond_5,diamond_2,bullseye_4_we,bullseye_2,bullseye_5,command_5_we,command_3,sun_3_we,sun_4,bullseye_3,diamond_4,sun_5,command_2,sun_2,command_4,prepost2_8,prepost2_10,prepost2_14,prepost2_4,prepost2_16,prepost2_6,prepost2_12,prepost2_2
RP_S_18,Retrieval Practice,Skills,command_4_we,command_2,bullseye_2_we,bullseye_5,bullseye_4,diamond_4_we,diamond_3,command_5,sun_2_we,sun_3,command_3,diamond_5,diamond_2,sun_5,sun_4,bullseye_3,prepost2_8,prepost2_10,prepost2_14,prepost2_4,prepost2_16,prepost2_6,prepost2_12,prepost2_2
RP_S_19,Retrieval Practice,Skills,command_3_we,command_2,sun_5_we,sun_2,sun_3,bullseye_2_we,bullseye_4,diamond_5_we,diamond_4,command_5,command_4,bullseye_3,diamond_2,diamond_3,sun_4,bullseye_5,prepost2_8,prepost2_10,prepost2_14,prepost2_4,prepost2_16,prepost2_6,prepost2_12,prepost2_2
RP_S_20,Retrieval Practice,Skills,diamond_3_we,diamond_2,sun_5_we,sun_2,bullseye_5_we,bullseye_3,sun_3,sun_4,command_2_we,command_3,command_5,diamond_5,command_4,bullseye_4,diamond_4,bullseye_2,prepost2_8,prepost2_10,prepost2_14,prepost2_4,prepost2_16,prepost2_6,prepost2_12,prepost2_2
WE_S_1,Worked Examples,Skills,command_5_we,command_3,diamond_4_we,diamond_2,diamond_3_we,diamond_5,sun_5_we,sun_3,command_2_we,command_4,bullseye_5_we,bullseye_2,bullseye_3_we,bullseye_4,sun_2_we,sun_4,prepost2_8,prepost2_10,prepost2_14,prepost2_4,prepost2_16,prepost2_6,prepost2_12,prepost2_2
WE_S_2,Worked Examples,Skills,diamond_2_we,diamond_3,sun_2_we,sun_5,bullseye_2_we,bullseye_3,bullseye_5_we,bullseye_4,command_3_we,command_4,sun_4_we,sun_3,diamond_5_we,diamond_4,command_5_we,command_2,prepost2_8,prepost2_10,prepost2_14,prepost2_4,prepost2_16,prepost2_6,prepost2_12,prepost2_2
WE_S_3,Worked Examples,Skills,bullseye_2_we,bullseye_5,bullseye_3_we,bullseye_4,diamond_4_we,diamond_2,sun_2_we,sun_3,diamond_5_we,diamond_3,command_3_we,command_2,sun_5_we,sun_4,command_4_we,command_5,prepost2_8,prepost2_10,prepost2_14,prepost2_4,prepost2_16,prepost2_6,prepost2_12,prepost2_2
WE_S_4,Worked Examples,Skills,sun_2_we,sun_4,diamond_5_we,diamond_3,sun_5_we,sun_3,bullseye_5_we,bullseye_4,command_4_we,command_2,bullseye_2_we,bullseye_3,diamond_4_we,diamond_2,command_3_we,command_5,prepost2_8,prepost2_10,prepost2_14,prepost2_4,prepost2_16,prepost2_6,prepost2_12,prepost2_2
WE_S_5,Worked Examples,Skills,diamond_3_we,diamond_4,bullseye_3_we,bullseye_4,diamond_2_we,diamond_5,sun_2_we,sun_4,command_2_we,command_4,bullseye_2_we,bullseye_5,command_3_we,command_5,sun_5_we,sun_3,prepost2_8,prepost2_10,prepost2_14,prepost2_4,prepost2_16,prepost2_6,prepost2_12,prepost2_2
WE_S_6,Worked Examples,Skills,sun_3_we,sun_5,diamond_5_we,diamond_4,bullseye_4_we,bullseye_5,diamond_2_we,diamond_3,command_2_we,command_3,bullseye_3_we,bullseye_2,command_4_we,command_5,sun_2_we,sun_4,prepost2_8,prepost2_10,prepost2_14,prepost2_4,prepost2_16,prepost2_6,prepost2_12,prepost2_2
WE_S_7,Worked Examples,Skills,bullseye_5_we,bullseye_4,diamond_4_we,diamond_5,diamond_3_we,diamond_2,command_2_we,command_5,sun_2_we,sun_3,sun_4_we,sun_5,bullseye_3_we,bullseye_2,command_3_we,command_4,prepost2_8,prepost2_10,prepost2_14,prepost2_4,prepost2_16,prepost2_6,prepost2_12,prepost2_2
WE_S_8,Worked Examples,Skills,diamond_2_we,diamond_5,command_3_we,command_2,command_5_we,command_4,sun_4_we,sun_3,sun_2_we,sun_5,bullseye_4_we,bullseye_5,bullseye_2_we,bullseye_3,diamond_4_we,diamond_3,prepost2_8,prepost2_10,prepost2_14,prepost2_4,prepost2_16,prepost2_6,prepost2_12,prepost2_2
WE_S_9,Worked Examples,Skills,command_5_we,command_3,diamond_5_we,diamond_3,bullseye_2_we,bullseye_3,sun_2_we,sun_3,diamond_4_we,diamond_2,sun_4_we,sun_5,bullseye_5_we,bullseye_4,command_4_we,command_2,prepost2_8,prepost2_10,prepost2_14,prepost2_4,prepost2_16,prepost2_6,prepost2_12,prepost2_2
WE_S_10,Worked Examples,Skills,diamond_5_we,diamond_4,bullseye_4_we,bullseye_3,bullseye_2_we,bullseye_5,sun_2_we,sun_3,command_3_we,command_4,command_5_we,command_2,diamond_3_we,diamond_2,sun_4_we,sun_5,prepost2_8,prepost2_10,prepost2_14,prepost2_4,prepost2_16,prepost2_6,prepost2_12,prepost2_2
WE_S_11,Worked Examples,Skills,bullseye_4_we,bullseye_3,bullseye_2_we,bullseye_5,sun_3_we,sun_5,command_3_we,command_4,sun_2_we,sun_4,diamond_2_we,diamond_4,diamond_3_we,diamond_5,command_5_we,command_2,prepost2_8,prepost2_10,prepost2_14,prepost2_4,prepost2_16,prepost2_6,prepost2_12,prepost2_2
WE_S_12,Worked Examples,Skills,command_4_we,command_5,diamond_2_we,diamond_3,bullseye_5_we,bullseye_2,sun_5_we,sun_3,diamond_4_we,diamond_5,command_3_we,command_2,sun_4_we,sun_2,bullseye_4_we,bullseye_3,prepost2_8,prepost2_10,prepost2_14,prepost2_4,prepost2_16,prepost2_6,prepost2_12,prepost2_2
WE_S_13,Worked Examples,Skills,diamond_3_we,diamond_2,diamond_5_we,diamond_4,sun_2_we,sun_4,bullseye_2_we,bullseye_4,bullseye_5_we,bullseye_3,sun_5_we,sun_3,command_4_we,command_2,command_5_we,command_3,prepost2_8,prepost2_10,prepost2_14,prepost2_4,prepost2_16,prepost2_6,prepost2_12,prepost2_2
WE_S_14,Worked Examples,Skills,command_5_we,command_2,diamond_5_we,diamond_2,sun_5_we,sun_3,command_4_we,command_3,sun_2_we,sun_4,bullseye_3_we,bullseye_2,diamond_3_we,diamond_4,bullseye_4_we,bullseye_5,prepost2_8,prepost2_10,prepost2_14,prepost2_4,prepost2_16,prepost2_6,prepost2_12,prepost2_2
WE_S_15,Worked Examples,Skills,command_3_we,command_4,diamond_5_we,diamond_3,sun_5_we,sun_4,bullseye_5_we,bullseye_4,sun_2_we,sun_3,command_2_we,command_5,bullseye_2_we,bullseye_3,diamond_2_we,diamond_4,prepost2_8,prepost2_10,prepost2_14,prepost2_4,prepost2_16,prepost2_6,prepost2_12,prepost2_2
WE_S_16,Worked Examples,Skills,command_5_we,command_2,diamond_3_we,diamond_5,sun_4_we,sun_3,bullseye_2_we,bullseye_4,sun_5_we,sun_2,bullseye_3_we,bullseye_5,diamond_4_we,diamond_2,command_4_we,command_3,prepost2_8,prepost2_10,prepost2_14,prepost2_4,prepost2_16,prepost2_6,prepost2_12,prepost2_2
WE_S_17,Worked Examples,Skills,sun_5_we,sun_2,command_4_we,command_2,bullseye_3_we,bullseye_2,diamond_4_we,diamond_3,sun_4_we,sun_3,command_3_we,command_5,diamond_5_we,diamond_2,bullseye_4_we,bullseye_5,prepost2_8,prepost2_10,prepost2_14,prepost2_4,prepost2_16,prepost2_6,prepost2_12,prepost2_2
WE_S_18,Worked Examples,Skills,command_4_we,command_3,diamond_5_we,diamond_3,bullseye_3_we,bullseye_4,sun_3_we,sun_5,sun_4_we,sun_2,bullseye_2_we,bullseye_5,command_2_we,command_5,diamond_4_we,diamond_2,prepost2_8,prepost2_10,prepost2_14,prepost2_4,prepost2_16,prepost2_6,prepost2_12,prepost2_2
WE_S_19,Worked Examples,Skills,diamond_5_we,diamond_3,bullseye_3_we,bullseye_5,sun_3_we,sun_4,command_4_we,command_3,sun_5_we,sun_2,bullseye_4_we,bullseye_2,command_5_we,command_2,diamond_2_we,diamond_4,prepost2_8,prepost2_10,prepost2_14,prepost2_4,prepost2_16,prepost2_6,prepost2_12,prepost2_2
WE_S_20,Worked Examples,Skills,diamond_2_we,diamond_4,bullseye_5_we,bullseye_4,bullseye_3_we,bullseye_2,sun_3_we,sun_4,command_2_we,command_4,command_3_we,command_5,sun_2_we,sun_5,diamond_3_we,diamond_5,prepost2_8,prepost2_10,prepost2_14,prepost2_4,prepost2_16,prepost2_6,prepost2_12,prepost2_2
RP_F_1,Retrieval Practice,Facts,command_1_we,command_1,bullseye_1_we,bullseye_1,bullseye_1,command_1,sun_1_we,sun_1,sun_1,sun_1,command_1,diamond_1_we,diamond_1,bullseye_1,diamond_1,diamond_1,prepost2_8,prepost2_10,prepost2_14,prepost2_4,prepost2_16,prepost2_6,prepost2_12,prepost2_2
RP_F_2,Retrieval Practice,Facts,command_1_we,command_1,bullseye_1_we,bullseye_1,diamond_1_we,diamond_1,sun_1_we,sun_1,diamond_1,sun_1,command_1,command_1,bullseye_1,sun_1,bullseye_1,diamond_1,prepost2_8,prepost2_10,prepost2_14,prepost2_4,prepost2_16,prepost2_6,prepost2_12,prepost2_2
RP_F_3,Retrieval Practice,Facts,bullseye_1_we,bullseye_1,command_1_we,command_1,bullseye_1,diamond_1_we,diamond_1,bullseye_1,command_1,diamond_1,sun_1_we,sun_1,command_1,sun_1,diamond_1,sun_1,prepost2_8,prepost2_10,prepost2_14,prepost2_4,prepost2_16,prepost2_6,prepost2_12,prepost2_2
RP_F_4,Retrieval Practice,Facts,command_1_we,command_1,sun_1_we,sun_1,sun_1,command_1,bullseye_1_we,bullseye_1,bullseye_1,diamond_1_we,diamond_1,diamond_1,bullseye_1,command_1,sun_1,diamond_1,prepost2_8,prepost2_10,prepost2_14,prepost2_4,prepost2_16,prepost2_6,prepost2_12,prepost2_2
RP_F_5,Retrieval Practice,Facts,command_1_we,command_1,sun_1_we,sun_1,command_1,sun_1,bullseye_1_we,bullseye_1,bullseye_1,diamond_1_we,diamond_1,diamond_1,sun_1,command_1,bullseye_1,diamond_1,prepost2_8,prepost2_10,prepost2_14,prepost2_4,prepost2_16,prepost2_6,prepost2_12,prepost2_2
RP_F_6,Retrieval Practice,Facts,sun_1_we,sun_1,bullseye_1_we,bullseye_1,command_1_we,command_1,diamond_1_we,diamond_1,bullseye_1,sun_1,diamond_1,diamond_1,command_1,command_1,bullseye_1,sun_1,prepost2_8,prepost2_10,prepost2_14,prepost2_4,prepost2_16,prepost2_6,prepost2_12,prepost2_2
RP_F_7,Retrieval Practice,Facts,sun_1_we,sun_1,diamond_1_we,diamond_1,bullseye_1_we,bullseye_1,diamond_1,command_1_we,command_1,bullseye_1,command_1,bullseye_1,command_1,sun_1,sun_1,diamond_1,prepost2_8,prepost2_10,prepost2_14,prepost2_4,prepost2_16,prepost2_6,prepost2_12,prepost2_2
RP_F_8,Retrieval Practice,Facts,sun_1_we,sun_1,bullseye_1_we,bullseye_1,bullseye_1,sun_1,diamond_1_we,diamond_1,sun_1,diamond_1,command_1_we,command_1,command_1,diamond_1,bullseye_1,command_1,prepost2_8,prepost2_10,prepost2_14,prepost2_4,prepost2_16,prepost2_6,prepost2_12,prepost2_2
RP_F_9,Retrieval Practice,Facts,sun_1_we,sun_1,command_1_we,command_1,command_1,command_1,diamond_1_we,diamond_1,sun_1,diamond_1,bullseye_1_we,bullseye_1,diamond_1,bullseye_1,bullseye_1,sun_1,prepost2_8,prepost2_10,prepost2_14,prepost2_4,prepost2_16,prepost2_6,prepost2_12,prepost2_2
RP_F_10,Retrieval Practice,Facts,sun_1_we,sun_1,diamond_1_we,diamond_1,diamond_1,sun_1,bullseye_1_we,bullseye_1,command_1_we,command_1,command_1,sun_1,command_1,bullseye_1,bullseye_1,diamond_1,prepost2_8,prepost2_10,prepost2_14,prepost2_4,prepost2_16,prepost2_6,prepost2_12,prepost2_2
RP_F_11,Retrieval Practice,Facts,command_1_we,command_1,command_1,diamond_1_we,diamond_1,diamond_1,bullseye_1_we,bullseye_1,command_1,bullseye_1,sun_1_we,sun_1,sun_1,bullseye_1,sun_1,diamond_1,prepost2_8,prepost2_10,prepost2_14,prepost2_4,prepost2_16,prepost2_6,prepost2_12,prepost2_2
RP_F_12,Retrieval Practice,Facts,command_1_we,command_1,bullseye_1_we,bullseye_1,diamond_1_we,diamond_1,diamond_1,sun_1_we,sun_1,bullseye_1,command_1,diamond_1,sun_1,sun_1,command_1,bullseye_1,prepost2_8,prepost2_10,prepost2_14,prepost2_4,prepost2_16,prepost2_6,prepost2_12,prepost2_2
RP_F_13,Retrieval Practice,Facts,command_1_we,command_1,sun_1_we,sun_1,bullseye_1_we,bullseye_1,command_1,diamond_1_we,diamond_1,diamond_1,sun_1,bullseye_1,diamond_1,bullseye_1,sun_1,command_1,prepost2_8,prepost2_10,prepost2_14,prepost2_4,prepost2_16,prepost2_6,prepost2_12,prepost2_2
RP_F_14,Retrieval Practice,Facts,diamond_1_we,diamond_1,bullseye_1_we,bullseye_1,diamond_1,bullseye_1,sun_1_we,sun_1,command_1_we,command_1,command_1,sun_1,diamond_1,bullseye_1,command_1,sun_1,prepost2_8,prepost2_10,prepost2_14,prepost2_4,prepost2_16,prepost2_6,prepost2_12,prepost2_2
RP_F_15,Retrieval Practice,Facts,bullseye_1_we,bullseye_1,sun_1_we,sun_1,command_1_we,command_1,bullseye_1,command_1,diamond_1_we,diamond_1,diamond_1,command_1,diamond_1,sun_1,bullseye_1,sun_1,prepost2_8,prepost2_10,prepost2_14,prepost2_4,prepost2_16,prepost2_6,prepost2_12,prepost2_2
RP_F_16,Retrieval Practice,Facts,command_1_we,command_1,bullseye_1_we,bullseye_1,diamond_1_we,diamond_1,bullseye_1,diamond_1,diamond_1,command_1,sun_1_we,sun_1,bullseye_1,command_1,sun_1,sun_1,prepost2_8,prepost2_10,prepost2_14,prepost2_4,prepost2_16,prepost2_6,prepost2_12,prepost2_2
RP_F_17,Retrieval Practice,Facts,command_1_we,command_1,command_1,diamond_1_we,diamond_1,diamond_1,command_1,diamond_1,sun_1_we,sun_1,sun_1,bullseye_1_we,bullseye_1,bullseye_1,bullseye_1,sun_1,prepost2_8,prepost2_10,prepost2_14,prepost2_4,prepost2_16,prepost2_6,prepost2_12,prepost2_2
RP_F_18,Retrieval Practice,Facts,bullseye_1_we,bullseye_1,sun_1_we,sun_1,command_1_we,command_1,diamond_1_we,diamond_1,command_1,diamond_1,bullseye_1,bullseye_1,command_1,sun_1,sun_1,diamond_1,prepost2_8,prepost2_10,prepost2_14,prepost2_4,prepost2_16,prepost2_6,prepost2_12,prepost2_2
RP_F_19,Retrieval Practice,Facts,diamond_1_we,diamond_1,sun_1_we,sun_1,bullseye_1_we,bullseye_1,bullseye_1,diamond_1,sun_1,diamond_1,sun_1,bullseye_1,command_1_we,command_1,command_1,command_1,prepost2_8,prepost2_10,prepost2_14,prepost2_4,prepost2_16,prepost2_6,prepost2_12,prepost2_2
RP_F_20,Retrieval Practice,Facts,diamond_1_we,diamond_1,sun_1_we,sun_1,bullseye_1_we,bullseye_1,sun_1,diamond_1,command_1_we,command_1,diamond_1,command_1,bullseye_1,bullseye_1,command_1,sun_1,prepost2_8,prepost2_10,prepost2_14,prepost2_4,prepost2_16,prepost2_6,prepost2_12,prepost2_2
WE_F_1,Worked Examples,Facts,sun_1_we,sun_1,bullseye_1_we,bullseye_1,command_1_we,command_1,diamond_1_we,diamond_1,diamond_1_we,diamond_1,command_1_we,command_1,bullseye_1_we,bullseye_1,sun_1_we,sun_1,prepost2_8,prepost2_10,prepost2_14,prepost2_4,prepost2_16,prepost2_6,prepost2_12,prepost2_2
WE_F_2,Worked Examples,Facts,command_1_we,command_1,sun_1_we,sun_1,bullseye_1_we,bullseye_1,diamond_1_we,diamond_1,diamond_1_we,diamond_1,command_1_we,command_1,sun_1_we,sun_1,bullseye_1_we,bullseye_1,prepost2_8,prepost2_10,prepost2_14,prepost2_4,prepost2_16,prepost2_6,prepost2_12,prepost2_2
WE_F_3,Worked Examples,Facts,command_1_we,command_1,bullseye_1_we,bullseye_1,sun_1_we,sun_1,sun_1_we,sun_1,diamond_1_we,diamond_1,diamond_1_we,diamond_1,bullseye_1_we,bullseye_1,command_1_we,command_1,prepost2_8,prepost2_10,prepost2_14,prepost2_4,prepost2_16,prepost2_6,prepost2_12,prepost2_2
WE_F_4,Worked Examples,Facts,sun_1_we,sun_1,diamond_1_we,diamond_1,bullseye_1_we,bullseye_1,diamond_1_we,diamond_1,command_1_we,command_1,sun_1_we,sun_1,command_1_we,command_1,bullseye_1_we,bullseye_1,prepost2_8,prepost2_10,prepost2_14,prepost2_4,prepost2_16,prepost2_6,prepost2_12,prepost2_2
WE_F_5,Worked Examples,Facts,bullseye_1_we,bullseye_1,diamond_1_we,diamond_1,diamond_1_we,diamond_1,bullseye_1_we,bullseye_1,sun_1_we,sun_1,command_1_we,command_1,sun_1_we,sun_1,command_1_we,command_1,prepost2_8,prepost2_10,prepost2_14,prepost2_4,prepost2_16,prepost2_6,prepost2_12,prepost2_2
WE_F_6,Worked Examples,Facts,diamond_1_we,diamond_1,bullseye_1_we,bullseye_1,diamond_1_we,diamond_1,command_1_we,command_1,sun_1_we,sun_1,bullseye_1_we,bullseye_1,command_1_we,command_1,sun_1_we,sun_1,prepost2_8,prepost2_10,prepost2_14,prepost2_4,prepost2_16,prepost2_6,prepost2_12,prepost2_2
WE_F_7,Worked Examples,Facts,sun_1_we,sun_1,bullseye_1_we,bullseye_1,diamond_1_we,diamond_1,sun_1_we,sun_1,command_1_we,command_1,command_1_we,command_1,diamond_1_we,diamond_1,bullseye_1_we,bullseye_1,prepost2_8,prepost2_10,prepost2_14,prepost2_4,prepost2_16,prepost2_6,prepost2_12,prepost2_2
WE_F_8,Worked Examples,Facts,command_1_we,command_1,diamond_1_we,diamond_1,sun_1_we,sun_1,bullseye_1_we,bullseye_1,command_1_we,command_1,bullseye_1_we,bullseye_1,sun_1_we,sun_1,diamond_1_we,diamond_1,prepost2_8,prepost2_10,prepost2_14,prepost2_4,prepost2_16,prepost2_6,prepost2_12,prepost2_2
WE_F_9,Worked Examples,Facts,bullseye_1_we,bullseye_1,sun_1_we,sun_1,command_1_we,command_1,sun_1_we,sun_1,bullseye_1_we,bullseye_1,diamond_1_we,diamond_1,command_1_we,command_1,diamond_1_we,diamond_1,prepost2_8,prepost2_10,prepost2_14,prepost2_4,prepost2_16,prepost2_6,prepost2_12,prepost2_2
WE_F_10,Worked Examples,Facts,bullseye_1_we,bullseye_1,sun_1_we,sun_1,bullseye_1_we,bullseye_1,diamond_1_we,diamond_1,diamond_1_we,diamond_1,command_1_we,command_1,command_1_we,command_1,sun_1_we,sun_1,prepost2_8,prepost2_10,prepost2_14,prepost2_4,prepost2_16,prepost2_6,prepost2_12,prepost2_2
WE_F_11,Worked Examples,Facts,command_1_we,command_1,sun_1_we,sun_1,sun_1_we,sun_1,command_1_we,command_1,diamond_1_we,diamond_1,bullseye_1_we,bullseye_1,diamond_1_we,diamond_1,bullseye_1_we,bullseye_1,prepost2_8,prepost2_10,prepost2_14,prepost2_4,prepost2_16,prepost2_6,prepost2_12,prepost2_2
WE_F_12,Worked Examples,Facts,bullseye_1_we,bullseye_1,diamond_1_we,diamond_1,command_1_we,command_1,diamond_1_we,diamond_1,command_1_we,command_1,sun_1_we,sun_1,bullseye_1_we,bullseye_1,sun_1_we,sun_1,prepost2_8,prepost2_10,prepost2_14,prepost2_4,prepost2_16,prepost2_6,prepost2_12,prepost2_2
WE_F_13,Worked Examples,Facts,diamond_1_we,diamond_1,diamond_1_we,diamond_1,command_1_we,command_1,sun_1_we,sun_1,bullseye_1_we,bullseye_1,bullseye_1_we,bullseye_1,command_1_we,command_1,sun_1_we,sun_1,prepost2_8,prepost2_10,prepost2_14,prepost2_4,prepost2_16,prepost2_6,prepost2_12,prepost2_2
WE_F_14,Worked Examples,Facts,diamond_1_we,diamond_1,sun_1_we,sun_1,command_1_we,command_1,diamond_1_we,diamond_1,bullseye_1_we,bullseye_1,bullseye_1_we,bullseye_1,sun_1_we,sun_1,command_1_we,command_1,prepost2_8,prepost2_10,prepost2_14,prepost2_4,prepost2_16,prepost2_6,prepost2_12,prepost2_2
WE_F_15,Worked Examples,Facts,command_1_we,command_1,bullseye_1_we,bullseye_1,sun_1_we,sun_1,sun_1_we,sun_1,command_1_we,command_1,diamond_1_we,diamond_1,bullseye_1_we,bullseye_1,diamond_1_we,diamond_1,prepost2_8,prepost2_10,prepost2_14,prepost2_4,prepost2_16,prepost2_6,prepost2_12,prepost2_2
WE_F_16,Worked Examples,Facts,sun_1_we,sun_1,sun_1_we,sun_1,diamond_1_we,diamond_1,diamond_1_we,diamond_1,command_1_we,command_1,command_1_we,command_1,bullseye_1_we,bullseye_1,bullseye_1_we,bullseye_1,prepost2_8,prepost2_10,prepost2_14,prepost2_4,prepost2_16,prepost2_6,prepost2_12,prepost2_2
WE_F_17,Worked Examples,Facts,bullseye_1_we,bullseye_1,sun_1_we,sun_1,bullseye_1_we,bullseye_1,command_1_we,command_1,command_1_we,command_1,diamond_1_we,diamond_1,sun_1_we,sun_1,diamond_1_we,diamond_1,prepost2_8,prepost2_10,prepost2_14,prepost2_4,prepost2_16,prepost2_6,prepost2_12,prepost2_2
WE_F_18,Worked Examples,Facts,sun_1_we,sun_1,command_1_we,command_1,bullseye_1_we,bullseye_1,bullseye_1_we,bullseye_1,sun_1_we,sun_1,diamond_1_we,diamond_1,diamond_1_we,diamond_1,command_1_we,command_1,prepost2_8,prepost2_10,prepost2_14,prepost2_4,prepost2_16,prepost2_6,prepost2_12,prepost2_2
WE_F_19,Worked Examples,Facts,diamond_1_we,diamond_1,bullseye_1_we,bullseye_1,sun_1_we,sun_1,command_1_we,command_1,command_1_we,command_1,bullseye_1_we,bullseye_1,sun_1_we,sun_1,diamond_1_we,diamond_1,prepost2_8,prepost2_10,prepost2_14,prepost2_4,prepost2_16,prepost2_6,prepost2_12,prepost2_2
WE_F_20,Worked Examples,Facts,command_1_we,command_1,bullseye_1_we,bullseye_1,diamond_1_we,diamond_1,bullseye_1_we,bullseye_1,command_1_we,command_1,sun_1_we,sun_1,sun_1_we,sun_1,diamond_1_we,diamond_1,prepost2_8,prepost2_10,prepost2_14,prepost2_4,prepost2_16,prepost2_6,prepost2_12,prepost2_2
